timestamp,funding_rate
1672531200,-0.00001050
1672560000,0.00000000
1672588800,0.00000000
1672617600,0.00000000
1672646400,0.00000000
1672675200,-0.00007526
1672704000,-0.00009889
1672732800,-0.00005595
1672761600,0.00000000
1672790400,0.00000000
1672819200,0.00000000
1672848000,0.00000000
1672876800,-0.00042886
1672905600,-0.00041485
1672934400,-0.00034445
1672963200,-0.00035232
1672992000,-0.00014715
1673020800,-0.00021562
1673049600,-0.00022972
1673078400,-0.00019772
1673107200,-0.00023691
1673136000,-0.00042242
1673164800,-0.00011035
1673193600,0.00000000
1673222400,-0.00005510
1673251200,0.00000000
1673280000,0.00000000
1673308800,0.00000000
1673337600,0.00000000
1673366400,-0.00001944
1673395200,-0.00033078
1673424000,-0.00010219
1673452800,-0.00009478
1673481600,-0.00000773
1673510400,0.00000000
1673539200,0.00000000
1673568000,-0.00030273
1673596800,-0.00013437
1673625600,-0.00009937
1673654400,0.00000000
1673683200,0.00035334
1673712000,0.00011840
1673740800,0.00009249
1673769600,0.00000000
1673798400,0.00000000
1673827200,0.00000000
1673856000,0.00000000
1673884800,0.00000000
1673913600,0.00000000
1673942400,0.00000000
1673971200,0.00000000
1674000000,0.00000000
1674028800,0.00000000
1674057600,0.00000000
1674086400,-0.00009679
1674115200,-0.00021146
1674144000,0.00000000
1674172800,-0.00000795
1674201600,0.00000000
1674230400,0.00000000
1674259200,0.00005639
1674288000,0.00018200
1674316800,0.00005417
1674345600,0.00000000
1674374400,0.00015982
1674403200,0.00010198
1674432000,0.00005355
1674460800,0.00008039
1674489600,0.00007383
1674518400,0.00015492
1674547200,0.00022386
1674576000,0.00017116
1674604800,0.00000000
1674633600,0.00000000
1674662400,0.00000000
1674691200,0.00000000
1674720000,0.00000000
1674748800,0.00000000
1674777600,0.00000000
1674806400,0.00000000
1674835200,0.00000000
1674864000,0.00000000
1674892800,0.00000000
1674921600,0.00000000
1674950400,0.00000000
1674979200,0.00000000
1675008000,0.00000000
1675036800,0.00000000
1675065600,0.00002222
1675094400,0.00000000
1675123200,0.00000000
1675152000,0.00000000
1675180800,0.00000000
1675209600,0.00000000
1675238400,0.00000000
1675267200,0.00000000
1675296000,0.00003463
1675324800,0.00054212
1675353600,0.00017099
1675382400,0.00014265
1675411200,0.00007717
1675440000,0.00004762
1675468800,0.00000000
1675497600,0.00006947
1675526400,0.00004705
1675555200,0.00000000
1675584000,0.00000000
1675612800,0.00000000
1675641600,0.00000000
1675670400,0.00000000
1675699200,0.00000000
1675728000,0.00000000
1675756800,0.00000000
1675785600,0.00000000
1675814400,0.00000000
1675843200,0.00000000
1675872000,0.00000000
1675900800,0.00000000
1675929600,0.00000000
1675958400,0.00000000
1675987200,0.00000000
1676016000,0.00000000
1676044800,-0.00007142
1676073600,-0.00023045
1676102400,-0.00025716
1676131200,-0.00017915
1676160000,-0.00010795
1676188800,-0.00030295
1676217600,-0.00026160
1676246400,-0.00009963
1676275200,-0.00011284
1676304000,-0.00029629
1676332800,-0.00019240
1676361600,-0.00001819
1676390400,-0.00007739
1676419200,-0.00021143
1676448000,-0.00009915
1676476800,-0.00007066
1676505600,0.00000000
1676534400,0.00000000
1676563200,0.00005284
1676592000,0.00000000
1676620800,-0.00000897
1676649600,0.00000000
1676678400,0.00000000
1676707200,0.00000000
1676736000,0.00000000
1676764800,0.00000000
1676793600,0.00000000
1676822400,0.00000000
1676851200,0.00000000
1676880000,0.00000000
1676908800,0.00000000
1676937600,0.00000000
1676966400,-0.00003791
1676995200,-0.00004808
1677024000,0.00000000
1677052800,-0.00000336
1677081600,-0.00012206
1677110400,0.00000000
1677139200,0.00000000
1677168000,0.00000000
1677196800,-0.00007966
1677225600,0.00000000
1677254400,0.00000000
1677283200,-0.00004132
1677312000,-0.00008665
1677340800,-0.00007937
1677369600,-0.00014702
1677398400,-0.00014221
1677427200,-0.00012253
1677456000,0.00000000
1677484800,-0.00002797
1677513600,0.00000000
1677542400,-0.00011827
1677571200,-0.00009561
1677600000,0.00000000
1677628800,-0.00025319
1677657600,0.00000000
1677686400,0.00000000
1677715200,0.00000000
1677744000,-0.00023545
1677772800,-0.00028051
1677801600,-0.00002961
1677830400,-0.00008625
1677859200,-0.00002007
1677888000,-0.00003295
1677916800,-0.00009138
1677945600,-0.00019281
1677974400,-0.00009205
1678003200,0.00000000
1678032000,0.00000000
1678060800,-0.00003967
1678089600,0.00000000
1678118400,-0.00012179
1678147200,-0.00020880
1678176000,-0.00001876
1678204800,-0.00021496
1678233600,0.00000000
1678262400,0.00000000
1678291200,0.00000000
1678320000,0.00000000
1678348800,0.00000000
1678377600,0.00000000
1678406400,-0.00027317
1678435200,-0.00025155
1678464000,-0.00018076
1678492800,-0.00018120
1678521600,-0.00060440
1678550400,-0.00034230
1678579200,0.00000000
1678608000,0.00000000
1678636800,-0.00008385
1678665600,0.00000000
1678694400,0.00000000
1678723200,0.00000000
1678752000,0.00000000
1678780800,0.00000000
1678809600,0.00007236
1678838400,0.00012216
1678867200,0.00010347
1678896000,0.00000000
1678924800,0.00000000
1678953600,0.00009329
1678982400,0.00000000
1679011200,-0.00117649
1679040000,-0.00059238
1679068800,-0.00094597
1679097600,-0.00129796
1679126400,-0.00099191
1679155200,-0.00071668
1679184000,-0.00200114
1679212800,-0.00122518
1679241600,-0.00132398
1679270400,-0.00208684
1679299200,-0.00172668
1679328000,-0.00096625
1679356800,-0.00074486
1679385600,-0.00138266
1679414400,-0.00128311
1679443200,-0.00197057
1679472000,-0.00162299
1679500800,-0.00005565
1679529600,-0.00013572
1679558400,0.00000000
1679587200,-0.00007012
1679616000,-0.00048065
1679644800,-0.00022313
1679673600,0.00000000
1679702400,-0.00010615
1679731200,-0.00011520
1679760000,-0.00002817
1679788800,-0.00010020
1679817600,0.00000000
1679846400,0.00000000
1679875200,-0.00007754
1679904000,-0.00022919
1679932800,-0.00051772
1679961600,-0.00070515
1679990400,-0.00010119
1680019200,0.00000000
1680048000,-0.00006976
1680076800,0.00000000
1680105600,-0.00002235
1680134400,0.00000000
1680163200,-0.00004867
1680192000,-0.00012381
1680220800,-0.00035389
1680249600,-0.00038577
1680278400,-0.00014589
1680307200,-0.00079807
1680336000,-0.00018883
1680364800,-0.00004123
1680393600,-0.00029164
1680422400,-0.00021911
1680451200,-0.00014268
1680480000,-0.00043290
1680508800,-0.00002311
1680537600,-0.00020305
1680566400,-0.00067885
1680595200,-0.00007503
1680624000,0.00000000
1680652800,0.00000000
1680681600,0.00000000
1680710400,0.00000000
1680739200,0.00000000
1680768000,0.00000000
1680796800,0.00000000
1680825600,-0.00011020
1680854400,-0.00034537
1680883200,-0.00005462
1680912000,-0.00005522
1680940800,0.00000000
1680969600,0.00000000
1680998400,0.00000000
1681027200,0.00000000
1681056000,0.00000000
1681084800,0.00000000
1681113600,0.00000000
1681142400,0.00000000
1681171200,-0.00012022
1681200000,0.00007404
1681228800,0.00002760
1681257600,0.00000000
1681286400,0.00000000
1681315200,0.00000000
1681344000,0.00000000
1681372800,0.00000000
1681401600,0.00001014
1681430400,0.00001185
1681459200,0.00024230
1681488000,0.00005877
1681516800,0.00000000
1681545600,0.00000350
1681574400,0.00030622
1681603200,0.00006872
1681632000,0.00009232
1681660800,0.00045468
1681689600,0.00029290
1681718400,0.00024300
1681747200,0.00023012
1681776000,0.00023453
1681804800,0.00007434
1681833600,0.00000000
1681862400,0.00000000
1681891200,0.00000000
1681920000,0.00000000
1681948800,0.00000000
1681977600,0.00000000
1682006400,0.00000000
1682035200,0.00000000
1682064000,0.00000000
1682092800,-0.00010197
1682121600,-0.00018080
1682150400,-0.00039367
1682179200,-0.00008421
1682208000,-0.00047608
1682236800,-0.00050601
1682265600,-0.00073647
1682294400,-0.00032731
1682323200,-0.00079834
1682352000,-0.00089166
1682380800,-0.00079578
1682409600,-0.00102839
1682438400,-0.00083442
1682467200,-0.00065033
1682496000,-0.00054850
1682524800,-0.00052030
1682553600,-0.00116648
1682582400,-0.00064239
1682611200,-0.00070822
1682640000,-0.00101999
1682668800,-0.00194664
1682697600,0.00000000
1682726400,-0.00011978
1682755200,0.00000000
1682784000,-0.00018576
1682812800,-0.00012369
1682841600,0.00000000
1682870400,0.00000000
1682899200,-0.00105825
1682928000,-0.00094339
1682956800,-0.00120421
1682985600,-0.00149947
1683014400,-0.00126006
1683043200,-0.00119084
1683072000,-0.00146523
1683100800,0.00000000
1683129600,0.00000000
1683158400,0.00000000
1683187200,0.00000000
1683216000,-0.00002435
1683244800,0.00000000
1683273600,-0.00004602
1683302400,0.00000000
1683331200,-0.00008753
1683360000,-0.00006943
1683388800,-0.00027804
1683417600,-0.00007751
1683446400,-0.00004936
1683475200,-0.00010733
1683504000,-0.00010221
1683532800,-0.00035917
1683561600,-0.00025582
1683590400,-0.00022409
1683619200,-0.00036709
1683648000,-0.00032443
1683676800,-0.00008759
1683705600,-0.00004315
1683734400,-0.00058032
1683763200,-0.00003111
1683792000,0.00000000
1683820800,-0.00028224
1683849600,-0.00036925
1683878400,0.00000000
1683907200,-0.00008151
1683936000,-0.00007953
1683964800,0.00000000
1683993600,-0.00002203
1684022400,0.00000000
1684051200,0.00000000
1684080000,0.00000000
1684108800,-0.00018597
1684137600,0.00000000
1684166400,0.00000000
1684195200,-0.00004595
1684224000,-0.00001285
1684252800,-0.00006776
1684281600,-0.00004674
1684310400,0.00000000
1684339200,-0.00001822
1684368000,0.00000000
1684396800,0.00000000
1684425600,0.00000000
1684454400,0.00000000
1684483200,0.00000000
1684512000,0.00000000
1684540800,-0.00000592
1684569600,0.00000000
1684598400,0.00000000
1684627200,0.00000000
1684656000,0.00000000
1684684800,0.00000000
1684713600,0.00000000
1684742400,0.00000000
1684771200,0.00000000
1684800000,0.00000000
1684828800,0.00000000
1684857600,0.00000433
1684886400,0.00000000
1684915200,0.00000000
1684944000,0.00000000
1684972800,0.00000000
1685001600,0.00000000
1685030400,0.00000000
1685059200,0.00000000
1685088000,0.00000000
1685116800,0.00000000
1685145600,0.00000000
1685174400,0.00000000
1685203200,0.00000000
1685232000,0.00000000
1685260800,0.00000000
1685289600,0.00000000
1685318400,0.00000000
1685347200,0.00005509
1685376000,0.00018433
1685404800,0.00013253
1685433600,0.00020674
1685462400,0.00010472
1685491200,0.00000000
1685520000,0.00000000
1685548800,0.00000000
1685577600,0.00000000
1685606400,0.00008187
1685635200,0.00000000
1685664000,0.00000000
1685692800,0.00004057
1685721600,0.00000000
1685750400,0.00007832
1685779200,0.00004591
1685808000,0.00000943
1685836800,0.00000017
1685865600,0.00003122
1685894400,0.00016004
1685923200,0.00010125
1685952000,0.00000000
1685980800,0.00000000
1686009600,0.00000000
1686038400,0.00000000
1686067200,0.00000000
1686096000,0.00000000
1686124800,0.00000000
1686153600,0.00000000
1686182400,0.00000000
1686211200,0.00000000
1686240000,0.00000000
1686268800,0.00000000
1686297600,0.00000000
1686326400,0.00000000
1686355200,0.00002811
1686384000,-0.00036574
1686412800,-0.00002163
1686441600,0.00000000
1686470400,-0.00018089
1686499200,-0.00028735
1686528000,0.00000000
1686556800,-0.00070002
1686585600,-0.00006726
1686614400,0.00000000
1686643200,-0.00006270
1686672000,-0.00034303
1686700800,-0.00000398
1686729600,-0.00044698
1686758400,-0.00045270
1686787200,-0.00031629
1686816000,-0.00007324
1686844800,0.00000000
1686873600,-0.00005371
1686902400,-0.00005605
1686931200,-0.00017727
1686960000,0.00000000
1686988800,0.00000000
1687017600,0.00000000
1687046400,0.00000000
1687075200,0.00000000
1687104000,0.00000000
1687132800,0.00000000
1687161600,0.00000000
1687190400,0.00000000
1687219200,0.00000000
1687248000,0.00000000
1687276800,0.00000000
1687305600,0.00000000
1687334400,0.00000000
1687363200,0.00000000
1687392000,0.00000000
1687420800,0.00000000
1687449600,0.00000000
1687478400,0.00000000
1687507200,0.00000000
1687536000,0.00000000
1687564800,0.00001262
1687593600,0.00000000
1687622400,0.00000000
1687651200,0.00000000
1687680000,0.00000000
1687708800,0.00000000
1687737600,0.00000000
1687766400,0.00000000
1687795200,0.00000000
1687824000,0.00000000
1687852800,0.00007353
1687881600,0.00004009
1687910400,0.00000000
1687939200,0.00000000
1687968000,0.00000000
1687996800,0.00000000
1688025600,0.00000000
1688054400,0.00000000
1688083200,0.00000000
1688112000,0.00000000
1688140800,0.00000000
1688169600,0.00005352
1688198400,0.00005349
1688227200,0.00014546
1688256000,0.00014716
1688284800,0.00002679
1688313600,0.00023805
1688342400,0.00009255
1688371200,0.00019120
1688400000,0.00009428
1688428800,0.00000000
1688457600,0.00000000
1688486400,0.00000000
1688515200,0.00000000
1688544000,0.00000000
1688572800,0.00000000
1688601600,0.00000000
1688630400,0.00000000
1688659200,0.00000000
1688688000,-0.00046009
1688716800,-0.00016651
1688745600,-0.00009253
1688774400,-0.00009236
1688803200,-0.00007741
1688832000,0.00000000
1688860800,-0.00000491
1688889600,0.00000000
1688918400,-0.00008229
1688947200,-0.00012524
1688976000,-0.00000439
1689004800,-0.00012535
1689033600,-0.00025923
1689062400,-0.00074001
1689091200,-0.00074761
1689120000,-0.00035487
1689148800,-0.00065440
1689177600,-0.00059837
1689206400,-0.00108561
1689235200,-0.00074145
1689264000,-0.00082611
1689292800,0.00000000
1689321600,-0.00042246
1689350400,-0.00049717
1689379200,-0.00116654
1689408000,-0.00054039
1689436800,-0.00067300
1689465600,-0.00082346
1689494400,-0.00077424
1689523200,-0.00076813
1689552000,-0.00180248
1689580800,-0.00025688
1689609600,-0.00034131
1689638400,-0.00013206
1689667200,-0.00037172
1689696000,0.00000000
1689724800,0.00000000
1689753600,0.00014002
1689782400,0.00010374
1689811200,0.00004559
1689840000,0.00013033
1689868800,0.00000000
1689897600,0.00007509
1689926400,0.00002789
1689955200,0.00024970
1689984000,0.00013559
1690012800,0.00006965
1690041600,0.00000000
1690070400,0.00000000
1690099200,0.00008296
1690128000,0.00007037
1690156800,0.00000000
1690185600,0.00001192
1690214400,0.00000000
1690243200,0.00000000
1690272000,0.00008855
1690300800,0.00000000
1690329600,0.00000000
1690358400,0.00000189
1690387200,0.00000000
1690416000,0.00000000
1690444800,0.00004979
1690473600,0.00002458
1690502400,0.00001600
1690531200,0.00000000
1690560000,0.00005712
1690588800,0.00000000
1690617600,0.00000000
1690646400,0.00009950
1690675200,0.00004905
1690704000,0.00008003
1690732800,0.00011335
1690761600,0.00009227
1690790400,0.00007364
1690819200,0.00004110
1690848000,0.00000000
1690876800,0.00007317
1690905600,0.00006759
1690934400,0.00000000
1690963200,0.00000000
1690992000,0.00000000
1691020800,0.00000000
1691049600,0.00000000
1691078400,0.00000000
1691107200,0.00000000
1691136000,0.00000000
1691164800,0.00000000
1691193600,0.00000000
1691222400,0.00000000
1691251200,0.00000000
1691280000,0.00000000
1691308800,0.00001099
1691337600,0.00000000
1691366400,0.00000000
1691395200,0.00000000
1691424000,0.00000000
1691452800,0.00000000
1691481600,0.00000000
1691510400,0.00000000
1691539200,0.00015375
1691568000,0.00000000
1691596800,0.00000000
1691625600,0.00000000
1691654400,0.00000000
1691683200,0.00000000
1691712000,-0.00015036
1691740800,-0.00026946
1691769600,-0.00023724
1691798400,-0.00022644
1691827200,-0.00015777
1691856000,-0.00020833
1691884800,-0.00029203
1691913600,-0.00019929
1691942400,-0.00000614
1691971200,-0.00003892
1692000000,-0.00004676
1692028800,-0.00000805
1692057600,-0.00009711
1692086400,-0.00020066
1692115200,0.00000000
1692144000,-0.00044204
1692172800,-0.00016210
1692201600,-0.00044400
1692230400,-0.00027077
1692259200,0.00000000
1692288000,-0.00018279
1692316800,-0.00074175
1692345600,-0.00005810
1692374400,-0.00011733
1692403200,-0.00029585
1692432000,-0.00035101
1692460800,-0.00012321
1692489600,-0.00001186
1692518400,-0.00012416
1692547200,-0.00026855
1692576000,0.00000000
1692604800,-0.00034238
1692633600,-0.00073843
1692662400,-0.00011188
1692691200,-0.00008858
1692720000,-0.00084222
1692748800,-0.00051880
1692777600,0.00000000
1692806400,-0.00006038
1692835200,-0.00023809
1692864000,0.00000000
1692892800,0.00000000
1692921600,0.00000000
1692950400,0.00000000
1692979200,0.00000000
1693008000,0.00000000
1693036800,0.00000000
1693065600,0.00000000
1693094400,0.00000000
1693123200,0.00000000
1693152000,0.00000000
1693180800,0.00000000
1693209600,0.00000000
1693238400,0.00000000
1693267200,0.00000000
1693296000,0.00000000
1693324800,0.00000000
1693353600,0.00000000
1693382400,0.00000000
1693411200,0.00000000
1693440000,0.00000000
1693468800,0.00000000
1693497600,0.00000000
1693526400,0.00000000
1693555200,0.00000000
1693584000,0.00000000
1693612800,0.00000000
1693641600,0.00000000
1693670400,0.00000000
1693699200,0.00000000
1693728000,0.00000000
1693756800,0.00000000
1693785600,0.00000000
1693814400,0.00000000
1693843200,0.00000000
1693872000,0.00000000
1693900800,0.00000000
1693929600,0.00000000
1693958400,0.00000000
1693987200,0.00000000
1694016000,0.00000000
1694044800,0.00000000
1694073600,0.00000000
1694102400,0.00000000
1694131200,0.00000000
1694160000,0.00000000
1694188800,0.00000000
1694217600,0.00000000
1694246400,0.00000000
1694275200,0.00000000
1694304000,0.00000000
1694332800,0.00000000
1694361600,0.00000000
1694390400,0.00000000
1694419200,0.00000000
1694448000,0.00000000
1694476800,0.00000000
1694505600,0.00000000
1694534400,0.00000000
1694563200,0.00000000
1694592000,0.00000000
1694620800,0.00000000
1694649600,0.00000000
1694678400,0.00000000
1694707200,0.00000000
1694736000,0.00000000
1694764800,-0.00005152
1694793600,0.00000000
1694822400,0.00000000
1694851200,0.00000000
1694880000,0.00000000
1694908800,0.00000000
1694937600,0.00000000
1694966400,0.00000000
1694995200,0.00000000
1695024000,0.00000000
1695052800,0.00000000
1695081600,0.00000000
1695110400,0.00000000
1695139200,0.00002550
1695168000,0.00000000
1695196800,0.00000000
1695225600,0.00000000
1695254400,0.00000000
1695283200,0.00000000
1695312000,0.00000000
1695340800,0.00000000
1695369600,0.00000000
1695398400,0.00000000
1695427200,0.00000000
1695456000,0.00000000
1695484800,0.00000000
1695513600,0.00000000
1695542400,0.00000000
1695571200,0.00000000
1695600000,0.00000000
1695628800,0.00000000
1695657600,0.00000000
1695686400,0.00000000
1695715200,0.00004495
1695744000,0.00005343
1695772800,0.00002201
1695801600,0.00005011
1695830400,0.00000000
1695859200,0.00007853
1695888000,0.00002381
1695916800,0.00000000
1695945600,0.00000545
1695974400,0.00000000
1696003200,0.00000000
1696032000,0.00000000
1696060800,0.00000000
1696089600,0.00000000
1696118400,0.00000000
1696147200,0.00007729
1696176000,0.00009797
1696204800,0.00005970
1696233600,0.00002968
1696262400,0.00003182
1696291200,0.00000000
1696320000,0.00000000
1696348800,0.00000000
1696377600,0.00000000
1696406400,0.00000000
1696435200,0.00000000
1696464000,0.00000000
1696492800,0.00005114
1696521600,0.00000000
1696550400,0.00000000
1696579200,0.00005307
1696608000,0.00000000
1696636800,0.00000000
1696665600,0.00005017
1696694400,0.00000000
1696723200,0.00005667
1696752000,0.00010022
1696780800,0.00000000
1696809600,0.00000000
1696838400,0.00000000
1696867200,0.00000000
1696896000,0.00000000
1696924800,0.00000000
1696953600,0.00000000
1696982400,0.00000000
1697011200,0.00000000
1697040000,0.00000000
1697068800,0.00000000
1697097600,0.00000000
1697126400,0.00000000
1697155200,0.00000000
1697184000,0.00000000
1697212800,0.00000000
1697241600,0.00000000
1697270400,0.00000000
1697299200,0.00000000
1697328000,0.00000000
1697356800,0.00000000
1697385600,0.00000000
1697414400,0.00000000
1697443200,0.00000000
1697472000,0.00001842
1697500800,0.00007755
1697529600,0.00010058
1697558400,0.00000000
1697587200,0.00000000
1697616000,0.00000000
1697644800,0.00000000
1697673600,0.00000000
1697702400,0.00000000
1697731200,0.00000000
1697760000,0.00006957
1697788800,0.00011408
1697817600,0.00004644
1697846400,0.00000000
1697875200,0.00004906
1697904000,0.00013226
1697932800,0.00014634
1697961600,0.00005499
1697990400,0.00010372
1698019200,0.00016356
1698048000,0.00016456
1698076800,0.00000000
1698105600,0.00018908
1698134400,0.00012343
1698163200,0.00008840
1698192000,0.00009778
1698220800,0.00007814
1698249600,0.00028079
1698278400,0.00016568
1698307200,0.00037270
1698336000,0.00008304
1698364800,0.00008690
1698393600,0.00020316
1698422400,0.00016698
1698451200,0.00005912
1698480000,0.00005005
1698508800,0.00000000
1698537600,0.00001209
1698566400,0.00002392
1698595200,0.00011465
1698624000,0.00011571
1698652800,0.00000000
1698681600,0.00021025
1698710400,0.00019240
1698739200,0.00009373
1698768000,0.00006436
1698796800,0.00003320
1698825600,0.00009291
1698854400,0.00000657
1698883200,0.00045291
1698912000,0.00023080
1698940800,0.00018876
1698969600,0.00031866
1698998400,0.00015085
1699027200,0.00000000
1699056000,0.00014468
1699084800,0.00011035
1699113600,0.00020234
1699142400,0.00003718
1699171200,0.00011953
1699200000,0.00000000
1699228800,0.00011560
1699257600,0.00012608
1699286400,0.00028825
1699315200,0.00036433
1699344000,0.00012425
1699372800,0.00018195
1699401600,0.00024655
1699430400,0.00032454
1699459200,0.00015094
1699488000,0.00002084
1699516800,0.00026824
1699545600,0.00023660
1699574400,0.00000000
1699603200,0.00034888
1699632000,0.00001874
1699660800,0.00020680
1699689600,0.00028954
1699718400,0.00030396
1699747200,0.00004515
1699776000,0.00000000
1699804800,0.00013559
1699833600,0.00022850
1699862400,0.00014417
1699891200,0.00020254
1699920000,0.00008527
1699948800,0.00028480
1699977600,0.00013910
1700006400,0.00012020
1700035200,0.00010922
1700064000,0.00020872
1700092800,0.00021605
1700121600,0.00034375
1700150400,0.00004184
1700179200,0.00011211
1700208000,0.00000000
1700236800,0.00000000
1700265600,0.00009828
1700294400,0.00000073
1700323200,0.00010103
1700352000,0.00004120
1700380800,0.00008239
1700409600,0.00000000
1700438400,0.00000000
1700467200,0.00015667
1700496000,0.00027553
1700524800,0.00031647
1700553600,0.00027205
1700582400,0.00016938
1700611200,0.00012860
1700640000,0.00011204
1700668800,0.00000000
1700697600,0.00002091
1700726400,0.00001430
1700755200,0.00016511
1700784000,0.00000000
1700812800,0.00019691
1700841600,0.00002427
1700870400,0.00000000
1700899200,0.00025756
1700928000,0.00014545
1700956800,0.00015030
1700985600,0.00007223
1701014400,0.00000000
1701043200,0.00000000
1701072000,0.00015847
1701100800,0.00020207
1701129600,0.00013513
1701158400,0.00000000
1701187200,0.00020157
1701216000,0.00026042
1701244800,0.00006640
1701273600,0.00013501
1701302400,0.00018377
1701331200,0.00017534
1701360000,0.00026077
1701388800,0.00025738
1701417600,0.00010274
1701446400,0.00008002
1701475200,0.00016693
1701504000,0.00013631
1701532800,0.00017616
1701561600,0.00019017
1701590400,0.00022044
1701619200,0.00016106
1701648000,0.00032083
1701676800,0.00035922
1701705600,0.00005577
1701734400,0.00018187
1701763200,0.00000000
1701792000,0.00009039
1701820800,0.00019828
1701849600,0.00023706
1701878400,0.00020088
1701907200,0.00019185
1701936000,0.00031347
1701964800,0.00027723
1701993600,0.00038437
1702022400,0.00044477
1702051200,0.00040557
1702080000,0.00056478
1702108800,0.00046081
1702137600,0.00034844
1702166400,0.00030973
1702195200,0.00025556
1702224000,0.00026895
1702252800,0.00033978
1702281600,0.00009472
1702310400,0.00008780
1702339200,0.00000000
1702368000,0.00000000
1702396800,0.00000000
1702425600,-0.00052326
1702454400,-0.00022655
1702483200,-0.00050377
1702512000,-0.00061075
1702540800,-0.00017671
1702569600,-0.00057153
1702598400,0.00000000
1702627200,-0.00012952
1702656000,-0.00037110
1702684800,-0.00062037
1702713600,-0.00029789
1702742400,-0.00017219
1702771200,-0.00038977
1702800000,0.00000000
1702828800,0.00000000
1702857600,0.00000000
1702886400,0.00014795
1702915200,0.00012657
1702944000,0.00008110
1702972800,0.00013199
1703001600,0.00000000
1703030400,-0.00128946
1703059200,-0.00001369
1703088000,-0.00036193
1703116800,-0.00094659
1703145600,-0.00059303
1703174400,-0.00015170
1703203200,-0.00052916
1703232000,-0.00046821
1703260800,-0.00005726
1703289600,-0.00016143
1703318400,-0.00021826
1703347200,-0.00101472
1703376000,-0.00063570
1703404800,-0.00004087
1703433600,-0.00011773
1703462400,-0.00058570
1703491200,-0.00016186
1703520000,0.00000000
1703548800,0.00000000
1703577600,0.00000000
1703606400,0.00000000
1703635200,0.00000000
1703664000,0.00000000
1703692800,-0.00082735
1703721600,-0.00100390
1703750400,-0.00047746
1703779200,-0.00114629
1703808000,-0.00073016
1703836800,-0.00043385
1703865600,-0.00055142
1703894400,-0.00047138
1703923200,-0.00067585
1703952000,-0.00064912
1703980800,-0.00126240
1704009600,-0.00099242
1704038400,-0.00075371
1704067200,-0.00115565
1704096000,-0.00043985
1704124800,-0.00021335
1704153600,-0.00004388
1704182400,-0.00001968
1704211200,0.00000000
1704240000,-0.00040129
1704268800,0.00000000
1704297600,-0.00038446
1704326400,-0.00036362
1704355200,-0.00012600
1704384000,-0.00019163
1704412800,-0.00073744
1704441600,-0.00058221
1704470400,-0.00096824
1704499200,-0.00118881
1704528000,-0.00082243
1704556800,-0.00088029
1704585600,-0.00098640
1704614400,-0.00098181
1704643200,-0.00075307
1704672000,-0.00087928
1704700800,-0.00046829
1704729600,-0.00044893
1704758400,-0.00008596
1704787200,0.00000000
1704816000,0.00000000
1704844800,0.00000000
1704873600,0.00000000
1704902400,0.00000000
1704931200,0.00000000
1704960000,0.00000000
1704988800,0.00000000
1705017600,0.00003989
1705046400,0.00003803
1705075200,0.00000654
1705104000,0.00000000
1705132800,0.00000000
1705161600,0.00008384
1705190400,0.00000000
1705219200,0.00012056
1705248000,0.00000000
1705276800,0.00005667
1705305600,0.00016931
1705334400,0.00000000
1705363200,-0.00033116
1705392000,-0.00050321
1705420800,-0.00036720
1705449600,-0.00049143
1705478400,-0.00002361
1705507200,-0.00056100
1705536000,-0.00048308
1705564800,0.00000000
1705593600,-0.00051549
1705622400,-0.00045823
1705651200,-0.00055553
1705680000,-0.00041823
1705708800,-0.00040077
1705737600,-0.00028879
1705766400,-0.00045503
1705795200,-0.00022406
1705824000,-0.00023041
1705852800,-0.00038554
1705881600,-0.00018874
1705910400,-0.00052527
1705939200,-0.00063548
1705968000,-0.00035380
1705996800,-0.00048935
1706025600,-0.00006590
1706054400,-0.00036932
1706083200,0.00000000
1706112000,-0.00009307
1706140800,0.00000000
1706169600,0.00000000
1706198400,0.00000000
1706227200,0.00000000
1706256000,0.00000000
1706284800,0.00000000
1706313600,0.00000000
1706342400,0.00000000
1706371200,0.00000000
1706400000,0.00000000
1706428800,0.00000000
1706457600,0.00000000
1706486400,0.00000000
1706515200,0.00000000
1706544000,0.00000000
1706572800,0.00000000
1706601600,0.00000000
1706630400,0.00000000
1706659200,0.00000000
1706688000,0.00000000
1706716800,0.00000000
1706745600,0.00000000
1706774400,0.00000000
1706803200,0.00000000
1706832000,0.00000000
1706860800,0.00000000
1706889600,0.00000000
1706918400,0.00000000
1706947200,0.00000000
1706976000,0.00000000
1707004800,0.00000000
1707033600,0.00000000
1707062400,0.00000000
1707091200,0.00000000
1707120000,0.00000000
1707148800,-0.00005372
1707177600,0.00000000
1707206400,0.00000000
1707235200,0.00000000
1707264000,0.00000000
1707292800,0.00000000
1707321600,0.00000000
1707350400,0.00000000
1707379200,-0.00032307
1707408000,-0.00078676
1707436800,-0.00127869
1707465600,-0.00061724
1707494400,-0.00053458
1707523200,-0.00052153
1707552000,-0.00071137
1707580800,-0.00063224
1707609600,-0.00061914
1707638400,-0.00055550
1707667200,-0.00056837
1707696000,-0.00066055
1707724800,-0.00057236
1707753600,-0.00035404
1707782400,-0.00126582
1707811200,-0.00008124
1707840000,-0.00053432
1707868800,-0.00058355
1707897600,-0.00040106
1707926400,-0.00001939
1707955200,-0.00028452
1707984000,-0.00010744
1708012800,0.00000000
1708041600,0.00000000
1708070400,0.00000000
1708099200,-0.00011609
1708128000,0.00000000
1708156800,-0.00010731
1708185600,0.00000000
1708214400,-0.00015626
1708243200,-0.00023614
1708272000,-0.00007972
1708300800,0.00000000
1708329600,0.00035989
1708358400,0.00019102
1708387200,0.00034939
1708416000,0.00035868
1708444800,0.00007065
1708473600,0.00002817
1708502400,0.00011590
1708531200,-0.00048781
1708560000,-0.00052198
1708588800,-0.00107399
1708617600,-0.00089242
1708646400,-0.00034341
1708675200,-0.00084438
1708704000,-0.00045563
1708732800,-0.00071438
1708761600,-0.00055304
1708790400,-0.00081788
1708819200,-0.00096796
1708848000,-0.00076198
1708876800,-0.00028782
1708905600,-0.00017368
1708934400,-0.00031171
1708963200,-0.00001649
1708992000,0.00000000
1709020800,-0.00022191
1709049600,-0.00042917
1709078400,-0.00062227
1709107200,-0.00064429
1709136000,0.00000000
1709164800,0.00000000
1709193600,0.00059364
1709222400,0.00062688
1709251200,0.00022580
1709280000,0.00056193
1709308800,0.00029595
1709337600,0.00045091
1709366400,0.00060239
1709395200,0.00060028
1709424000,0.00062465
1709452800,0.00056194
1709481600,0.00059759
1709510400,0.00052271
1709539200,0.00066328
1709568000,0.00048318
1709596800,0.00045848
1709625600,0.00100171
1709654400,0.00068298
1709683200,0.00000000
1709712000,0.00021672
1709740800,0.00003112
1709769600,0.00000000
1709798400,0.00017842
1709827200,0.00001547
1709856000,0.00000000
1709884800,0.00000000
1709913600,-0.00001113
1709942400,-0.00012383
1709971200,-0.00019497
1710000000,-0.00023847
1710028800,-0.00006201
1710057600,0.00000000
1710086400,0.00036256
1710115200,0.00000000
1710144000,0.00002344
1710172800,0.00007373
1710201600,0.00019661
1710230400,0.00055550
1710259200,0.00006989
1710288000,0.00034905
1710316800,0.00064319
1710345600,0.00067750
1710374400,0.00035646
1710403200,0.00044008
1710432000,0.00060290
1710460800,0.00011662
1710489600,0.00012984
1710518400,0.00000000
1710547200,0.00013785
1710576000,0.00024537
1710604800,0.00016812
1710633600,0.00009557
1710662400,0.00000000
1710691200,0.00000000
1710720000,0.00000000
1710748800,0.00015708
1710777600,0.00000000
1710806400,0.00010433
1710835200,0.00019074
1710864000,0.00023778
1710892800,0.00021487
1710921600,0.00022256
1710950400,0.00009585
1710979200,0.00002546
1711008000,0.00013122
1711036800,0.00000000
1711065600,0.00017388
1711094400,0.00006837
1711123200,0.00014159
1711152000,0.00014453
1711180800,0.00016838
1711209600,0.00000000
1711238400,0.00000000
1711267200,0.00021139
1711296000,0.00020733
1711324800,0.00021885
1711353600,0.00024982
1711382400,0.00025865
1711411200,0.00029097
1711440000,0.00037308
1711468800,0.00039806
1711497600,0.00031573
1711526400,0.00036491
1711555200,0.00033014
1711584000,0.00042862
1711612800,0.00051984
1711641600,0.00039289
1711670400,0.00036592
1711699200,0.00041300
1711728000,0.00025390
1711756800,0.00000000
1711785600,-0.00007709
1711814400,-0.00037404
1711843200,-0.00005921
1711872000,-0.00039080
1711900800,0.00000000
1711929600,0.00000000
1711958400,0.00000000
1711987200,-0.00013645
1712016000,0.00000000
1712044800,0.00025814
1712073600,0.00030588
1712102400,0.00025462
1712131200,0.00012544
1712160000,0.00020227
1712188800,0.00020277
1712217600,0.00000000
1712246400,0.00000000
1712275200,-0.00042037
1712304000,-0.00021433
1712332800,-0.00038341
1712361600,-0.00062922
1712390400,-0.00027748
1712419200,-0.00025256
1712448000,-0.00033926
1712476800,-0.00059616
1712505600,-0.00049569
1712534400,-0.00019057
1712563200,-0.00038431
1712592000,0.00000000
1712620800,0.00015382
1712649600,0.00016132
1712678400,0.00000000
1712707200,0.00024813
1712736000,0.00019449
1712764800,0.00017250
1712793600,0.00037974
1712822400,0.00008875
1712851200,0.00020610
1712880000,0.00021027
1712908800,0.00000166
1712937600,-0.00022562
1712966400,-0.00042828
1712995200,-0.00086248
1713024000,-0.00056549
1713052800,-0.00088593
1713081600,-0.00045375
1713110400,-0.00042313
1713139200,-0.00044113
1713168000,-0.00040679
1713196800,-0.00046815
1713225600,-0.00094910
1713254400,-0.00077750
1713283200,-0.00056700
1713312000,-0.00023045
1713340800,0.00000000
1713369600,0.00000000
1713398400,0.00000000
1713427200,0.00000000
1713456000,-0.00034552
1713484800,0.00000000
1713513600,-0.00017776
1713542400,0.00000000
1713571200,0.00000000
1713600000,0.00000000
1713628800,0.00000000
1713657600,-0.00000772
1713686400,-0.00005246
1713715200,-0.00010000
1713744000,0.00000000
1713772800,0.00000000
1713801600,0.00000000
1713830400,0.00000000
1713859200,0.00000000
1713888000,-0.00026818
1713916800,-0.00033543
1713945600,-0.00041956
1713974400,-0.00040741
1714003200,-0.00001528
1714032000,-0.00011575
1714060800,-0.00050741
1714089600,-0.00057117
1714118400,-0.00065053
1714147200,-0.00047890
1714176000,-0.00045974
1714204800,-0.00063467
1714233600,-0.00021197
1714262400,-0.00061995
1714291200,-0.00078809
1714320000,-0.00079187
1714348800,-0.00084938
1714377600,-0.00087166
1714406400,-0.00065653
1714435200,-0.00042184
1714464000,-0.00015559
1714492800,-0.00070745
1714521600,-0.00022922
1714550400,-0.00017534
1714579200,-0.00017136
1714608000,-0.00025289
1714636800,-0.00001565
1714665600,-0.00025260
1714694400,-0.00012686
1714723200,-0.00001017
1714752000,-0.00032785
1714780800,-0.00011400
1714809600,-0.00015609
1714838400,-0.00026850
1714867200,-0.00071748
1714896000,-0.00031949
1714924800,-0.00040050
1714953600,-0.00008052
1714982400,-0.00009370
1715011200,-0.00026489
1715040000,0.00000000
1715068800,-0.00008607
1715097600,0.00000000
1715126400,0.00000000
1715155200,0.00000000
1715184000,0.00000000
1715212800,0.00000000
1715241600,0.00000000
1715270400,0.00000000
1715299200,-0.00001814
1715328000,-0.00013856
1715356800,-0.00023606
1715385600,-0.00007794
1715414400,0.00000000
1715443200,0.00000000
1715472000,0.00000000
1715500800,0.00000000
1715529600,-0.00002601
1715558400,-0.00017911
1715587200,-0.00008470
1715616000,-0.00033836
1715644800,-0.00001301
1715673600,-0.00036204
1715702400,-0.00129616
1715731200,-0.00101022
1715760000,-0.00069557
1715788800,-0.00114578
1715817600,-0.00065658
1715846400,0.00000000
1715875200,-0.00017077
1715904000,-0.00053276
1715932800,-0.00017804
1715961600,0.00000000
1715990400,0.00000000
1716019200,0.00000000
1716048000,0.00000000
1716076800,0.00000000
1716105600,0.00000000
1716134400,0.00000000
1716163200,0.00000000
1716192000,-0.00006392
1716220800,-0.00008546
1716249600,0.00000000
1716278400,0.00019002
1716307200,0.00009749
1716336000,0.00016951
1716364800,0.00015829
1716393600,0.00015460
1716422400,0.00010082
1716451200,0.00014596
1716480000,0.00000000
1716508800,0.00000000
1716537600,0.00000449
1716566400,0.00000000
1716595200,0.00000000
1716624000,0.00000000
1716652800,0.00000000
1716681600,0.00000000
1716710400,0.00008753
1716739200,0.00000000
1716768000,0.00007614
1716796800,0.00010940
1716825600,0.00019809
1716854400,0.00017805
1716883200,0.00000000
1716912000,0.00000000
1716940800,0.00007405
1716969600,0.00005977
1716998400,0.00008769
1717027200,0.00000000
1717056000,0.00000000
1717084800,0.00000000
1717113600,0.00002222
1717142400,0.00000000
1717171200,0.00007882
1717200000,0.00019589
1717228800,0.00023411
1717257600,0.00013223
1717286400,0.00036939
1717315200,0.00022554
1717344000,0.00011225
1717372800,0.00020040
1717401600,0.00028495
1717430400,0.00013785
1717459200,0.00012196
1717488000,0.00013176
1717516800,0.00019423
1717545600,0.00015839
1717574400,0.00016022
1717603200,0.00020097
1717632000,0.00020144
1717660800,0.00017035
1717689600,0.00008066
1717718400,0.00004266
1717747200,0.00000000
1717776000,0.00000000
1717804800,0.00000000
1717833600,0.00000000
1717862400,0.00000000
1717891200,0.00000000
1717920000,0.00000000
1717948800,0.00000000
1717977600,0.00000000
1718006400,0.00000000
1718035200,0.00000000
1718064000,0.00000000
1718092800,0.00000000
1718121600,0.00000000
1718150400,0.00000000
1718179200,0.00000000
1718208000,-0.00000899
1718236800,0.00000000
1718265600,0.00000000
1718294400,0.00000000
1718323200,0.00000000
1718352000,0.00000000
1718380800,0.00000000
1718409600,0.00000000
1718438400,0.00000000
1718467200,0.00000000
1718496000,0.00000000
1718524800,0.00000000
1718553600,0.00000000
1718582400,0.00000000
1718611200,0.00000000
1718640000,0.00000000
1718668800,0.00000000
1718697600,0.00000000
1718726400,0.00000000
1718755200,0.00000000
1718784000,0.00000000
1718812800,0.00000000
1718841600,0.00000000
1718870400,0.00000000
1718899200,0.00000000
1718928000,0.00000000
1718956800,0.00000000
1718985600,0.00000000
1719014400,0.00000000
1719043200,0.00000000
1719072000,0.00000000
1719100800,0.00000000
1719129600,0.00000000
1719158400,0.00000000
1719187200,0.00000000
1719216000,0.00000000
1719244800,0.00000000
1719273600,0.00000000
1719302400,0.00000000
1719331200,0.00000000
1719360000,0.00000000
1719388800,0.00000000
1719417600,0.00000000
1719446400,0.00000000
1719475200,0.00000000
1719504000,0.00000000
1719532800,0.00000000
1719561600,0.00000000
1719590400,0.00000000
1719619200,0.00000000
1719648000,0.00000000
1719676800,0.00000000
1719705600,0.00000000
1719734400,0.00000000
1719763200,0.00000000
1719792000,0.00000000
1719820800,0.00001551
1719849600,0.00000000
1719878400,0.00000000
1719907200,0.00003136
1719936000,0.00000397
1719964800,0.00012485
1719993600,0.00001476
1720022400,0.00000000
1720051200,0.00000000
1720080000,0.00000000
1720108800,0.00000000
1720137600,0.00000000
1720166400,0.00000000
1720195200,0.00000000
1720224000,0.00000000
1720252800,0.00000000
1720281600,0.00000000
1720310400,0.00000000
1720339200,0.00000000
1720368000,0.00000000
1720396800,0.00000000
1720425600,0.00000000
1720454400,0.00000000
1720483200,0.00000000
1720512000,0.00000000
1720540800,0.00000000
1720569600,0.00000000
1720598400,0.00000000
1720627200,0.00000000
1720656000,0.00000000
1720684800,0.00000000
1720713600,0.00000000
1720742400,0.00000000
1720771200,0.00000000
1720800000,0.00000000
1720828800,0.00000000
1720857600,0.00000000
1720886400,0.00000000
1720915200,0.00000000
1720944000,0.00000000
1720972800,0.00000000
1721001600,0.00000000
1721030400,0.00000000
1721059200,0.00000000
1721088000,0.00000000
1721116800,0.00000000
1721145600,0.00000000
1721174400,0.00000000
1721203200,0.00000000
1721232000,0.00000000
1721260800,0.00000000
1721289600,0.00000000
1721318400,0.00000000
1721347200,0.00000000
1721376000,0.00000000
1721404800,0.00000000
1721433600,0.00000000
1721462400,0.00000000
1721491200,0.00000000
1721520000,0.00000000
1721548800,0.00000000
1721577600,0.00000000
1721606400,0.00000000
1721635200,0.00000000
1721664000,0.00000000
1721692800,0.00000000
1721721600,0.00000000
1721750400,0.00000000
1721779200,0.00000000
1721808000,0.00000000
1721836800,0.00000000
1721865600,0.00000000
1721894400,0.00000000
1721923200,0.00000000
1721952000,0.00000000
1721980800,0.00000000
1722009600,0.00000000
1722038400,0.00000000
1722067200,0.00000000
1722096000,0.00000000
1722124800,0.00000000
1722153600,0.00000000
1722182400,0.00000000
1722211200,0.00000000
1722240000,0.00001232
1722268800,0.00005116
1722297600,0.00000000
1722326400,0.00000000
1722355200,0.00000000
1722384000,0.00000000
1722412800,0.00002973
1722441600,0.00000657
1722470400,0.00000024
1722499200,0.00000000
1722528000,0.00001797
1722556800,0.00000000
1722585600,0.00001397
1722614400,0.00000000
1722643200,0.00000000
1722672000,0.00000000
1722700800,0.00000000
1722729600,0.00000000
1722758400,0.00000000
1722787200,0.00000000
1722816000,0.00000000
1722844800,0.00000000
1722873600,0.00000000
1722902400,0.00000000
1722931200,-0.00010267
1722960000,0.00000000
1722988800,0.00000000
1723017600,0.00000000
1723046400,0.00000000
1723075200,0.00000000
1723104000,0.00000000
1723132800,0.00000000
1723161600,0.00000000
1723190400,0.00000000
1723219200,0.00000000
1723248000,0.00000000
1723276800,0.00000000
1723305600,0.00000000
1723334400,0.00000000
1723363200,0.00000000
1723392000,0.00000000
1723420800,0.00000000
1723449600,0.00000000
1723478400,0.00000000
1723507200,0.00000000
1723536000,0.00000000
1723564800,0.00000000
1723593600,0.00000000
1723622400,0.00000000
1723651200,0.00000000
1723680000,0.00000000
1723708800,0.00000000
1723737600,0.00000000
1723766400,0.00000000
1723795200,0.00000000
1723824000,-0.00006462
1723852800,-0.00001124
1723881600,0.00000000
1723910400,0.00000000
1723939200,0.00000000
1723968000,0.00000000
1723996800,0.00000000
1724025600,0.00000000
1724054400,0.00000000
1724083200,0.00000000
1724112000,0.00000000
1724140800,0.00000000
1724169600,0.00000000
1724198400,0.00000000
1724227200,0.00000000
1724256000,0.00000000
1724284800,-0.00008055
1724313600,0.00000000
1724342400,0.00000000
1724371200,-0.00020609
1724400000,-0.00016127
1724428800,-0.00025172
1724457600,-0.00033776
1724486400,0.00000000
1724515200,-0.00025018
1724544000,-0.00017985
1724572800,-0.00018285
1724601600,0.00000000
1724630400,-0.00000066
1724659200,0.00000000
1724688000,0.00000000
1724716800,0.00000000
1724745600,0.00000000
1724774400,0.00000000
1724803200,0.00000000
1724832000,0.00000000
1724860800,0.00000000
1724889600,0.00000000
1724918400,0.00000000
1724947200,0.00000000
1724976000,0.00000000
1725004800,0.00000000
1725033600,0.00000000
1725062400,0.00000000
1725091200,0.00000000
1725120000,0.00000000
1725148800,0.00000000
1725177600,0.00000000
1725206400,-0.00005365
1725235200,0.00000000
1725264000,0.00000000
1725292800,0.00000000
1725321600,0.00000000
1725350400,0.00000000
1725379200,0.00000000
1725408000,0.00000000
1725436800,0.00000000
1725465600,0.00000000
1725494400,0.00000000
1725523200,0.00000000
1725552000,0.00000000
1725580800,0.00000000
1725609600,0.00000000
1725638400,0.00000000
1725667200,0.00000000
1725696000,0.00000000
1725724800,0.00000000
1725753600,0.00000000
1725782400,0.00000000
1725811200,0.00000000
1725840000,0.00000000
1725868800,0.00000000
1725897600,0.00000000
1725926400,0.00000394
1725955200,0.00000000
1725984000,0.00000000
1726012800,0.00000000
1726041600,0.00000000
1726070400,0.00000000
1726099200,0.00000000
1726128000,0.00000000
1726156800,0.00000000
1726185600,0.00000000
1726214400,0.00000000
1726243200,0.00000000
1726272000,0.00000000
1726300800,0.00000000
1726329600,0.00000000
1726358400,0.00000000
1726387200,0.00000000
1726416000,0.00000000
1726444800,0.00000000
1726473600,-0.00014697
1726502400,-0.00003343
1726531200,-0.00015539
1726560000,-0.00000955
1726588800,-0.00012454
1726617600,-0.00011651
1726646400,-0.00012655
1726675200,-0.00003002
1726704000,-0.00002078
1726732800,0.00000000
1726761600,-0.00035746
1726790400,-0.00007390
1726819200,0.00000000
1726848000,0.00000000
1726876800,0.00000000
1726905600,0.00000000
1726934400,0.00000000
1726963200,0.00000000
1726992000,0.00000000
1727020800,0.00000000
1727049600,0.00000000
1727078400,0.00000000
1727107200,0.00000000
1727136000,0.00006712
1727164800,0.00000000
1727193600,0.00000000
1727222400,0.00000000
1727251200,0.00000000
1727280000,0.00000000
1727308800,0.00000000
1727337600,0.00000000
1727366400,0.00000000
1727395200,0.00000000
1727424000,0.00000000
1727452800,0.00000000
1727481600,0.00000000
1727510400,0.00005223
1727539200,0.00000000
1727568000,0.00000000
1727596800,0.00000000
1727625600,0.00000000
1727654400,0.00000000
1727683200,0.00000000
1727712000,0.00000000
1727740800,0.00000000
1727769600,0.00000000
1727798400,0.00000000
1727827200,-0.00002629
1727856000,0.00000000
1727884800,0.00000000
1727913600,0.00000000
1727942400,0.00000000
1727971200,-0.00013994
1728000000,0.00000000
1728028800,0.00000000
1728057600,0.00000000
1728086400,0.00000000
1728115200,0.00000000
1728144000,0.00000000
1728172800,0.00000000
1728201600,0.00000000
1728230400,0.00000000
1728259200,0.00000000
1728288000,0.00000000
1728316800,0.00000000
1728345600,0.00000000
1728374400,0.00000000
1728403200,0.00000000
1728432000,-0.00037285
1728460800,-0.00055575
1728489600,-0.00031397
1728518400,-0.00007384
1728547200,-0.00009860
1728576000,-0.00012910
1728604800,-0.00015143
1728633600,0.00000000
1728662400,0.00000000
1728691200,0.00000000
1728720000,0.00000000
1728748800,0.00000000
1728777600,0.00000000
1728806400,0.00000000
1728835200,0.00000000
1728864000,0.00000000
1728892800,0.00000000
1728921600,0.00000000
1728950400,0.00000000
1728979200,0.00006460
1729008000,0.00001914
1729036800,0.00006645
1729065600,0.00003157
1729094400,0.00000000
1729123200,0.00000000
1729152000,0.00000000
1729180800,0.00000000
1729209600,0.00000000
1729238400,0.00000000
1729267200,0.00000000
1729296000,0.00000000
1729324800,0.00000000
1729353600,0.00000000
1729382400,0.00000000
1729411200,0.00000000
1729440000,0.00000000
1729468800,0.00000000
1729497600,0.00016124
1729526400,0.00000000
1729555200,0.00000000
1729584000,0.00000000
1729612800,0.00000000
1729641600,0.00000000
1729670400,0.00000000
1729699200,0.00000000
1729728000,0.00000000
1729756800,0.00000000
1729785600,0.00000000
1729814400,0.00000000
1729843200,0.00000000
1729872000,0.00000000
1729900800,0.00000000
1729929600,0.00000000
1729958400,0.00000000
1729987200,0.00000000
1730016000,0.00000000
1730044800,0.00000000
1730073600,0.00000000
1730102400,0.00000000
1730131200,0.00000000
1730160000,0.00000000
1730188800,0.00004545
1730217600,0.00000000
1730246400,0.00022390
1730275200,0.00014298
1730304000,0.00000000
1730332800,0.00007648
1730361600,0.00003528
1730390400,0.00000000
1730419200,0.00000000
1730448000,0.00000000
1730476800,0.00000000
1730505600,0.00000000
1730534400,0.00000000
1730563200,0.00000000
1730592000,0.00000000
1730620800,0.00000000
1730649600,0.00000000
1730678400,0.00000000
1730707200,0.00000000
1730736000,0.00000000
1730764800,0.00000000
1730793600,0.00000000
1730822400,0.00000000
1730851200,0.00000000
1730880000,0.00002834
1730908800,0.00007705
1730937600,0.00004190
1730966400,0.00027164
1730995200,0.00009543
1731024000,0.00013806
1731052800,0.00012525
1731081600,0.00012741
1731110400,0.00014585
1731139200,0.00018785
1731168000,0.00015914
1731196800,0.00009947
1731225600,0.00029165
1731254400,0.00039432
1731283200,0.00025293
1731312000,0.00019878
1731340800,0.00021978
1731369600,0.00041550
1731398400,0.00042666
1731427200,0.00029213
1731456000,0.00015032
1731484800,0.00009601
1731513600,0.00016720
1731542400,0.00010701
1731571200,0.00015621
1731600000,0.00000000
1731628800,0.00002259
1731657600,0.00000000
1731686400,0.00000000
1731715200,0.00000000
1731744000,0.00014634
1731772800,0.00011027
1731801600,0.00010792
1731830400,0.00000000
1731859200,0.00000684
1731888000,0.00000000
1731916800,0.00000740
1731945600,0.00000000
1731974400,0.00010006
1732003200,0.00020322
1732032000,0.00021252
1732060800,0.00017739
1732089600,0.00015552
1732118400,0.00013045
1732147200,0.00007610
1732176000,0.00011290
1732204800,0.00018601
1732233600,0.00026039
1732262400,0.00022074
1732291200,0.00025697
1732320000,0.00025849
1732348800,0.00031409
1732377600,0.00026825
1732406400,0.00027182
1732435200,0.00023194
1732464000,0.00027586
1732492800,0.00016463
1732521600,0.00023382
1732550400,0.00017218
1732579200,0.00019876
1732608000,0.00021015
1732636800,0.00013059
1732665600,0.00014198
1732694400,0.00016790
1732723200,0.00018095
1732752000,0.00025048
1732780800,0.00029079
1732809600,0.00016874
1732838400,0.00025917
1732867200,0.00017784
1732896000,0.00023522
1732924800,0.00025161
1732953600,0.00028198
1732982400,0.00017695
1733011200,0.00020315
1733040000,0.00023081
1733068800,0.00025892
1733097600,0.00034152
1733126400,0.00025785
1733155200,0.00031152
1733184000,0.00036686
1733212800,0.00043533
1733241600,0.00026470
1733270400,0.00027322
1733299200,0.00025819
1733328000,0.00030723
1733356800,0.00042947
1733385600,0.00038805
1733414400,0.00034913
1733443200,0.00028199
1733472000,0.00024535
1733500800,0.00018233
1733529600,0.00033562
1733558400,0.00024332
1733587200,0.00029675
1733616000,0.00019104
1733644800,0.00025929
1733673600,0.00012175
1733702400,0.00025880
1733731200,0.00017589
1733760000,0.00021516
1733788800,0.00000000
1733817600,0.00009225
1733846400,0.00005529
1733875200,0.00007477
1733904000,0.00006030
1733932800,0.00007029
1733961600,0.00008003
1733990400,0.00003327
1734019200,0.00001340
1734048000,0.00008474
1734076800,0.00010016
1734105600,0.00000000
1734134400,0.00000000
1734163200,0.00000000
1734192000,0.00000000
1734220800,0.00000000
1734249600,0.00000000
1734278400,0.00000000
1734307200,0.00000000
1734336000,0.00015290
1734364800,0.00010698
1734393600,0.00013724
1734422400,0.00006707
1734451200,0.00007890
1734480000,0.00002200
1734508800,0.00000000
1734537600,0.00001563
1734566400,0.00000000
1734595200,0.00000000
1734624000,0.00000000
1734652800,0.00000000
1734681600,0.00000000
1734710400,-0.00001100
1734739200,0.00000000
1734768000,0.00000000
1734796800,0.00000000
1734825600,0.00000000
1734854400,0.00000000
1734883200,0.00000000
1734912000,0.00000000
1734940800,0.00000000
1734969600,-0.00011832
1734998400,-0.00024217
1735027200,-0.00012634
1735056000,0.00000000
1735084800,-0.00008695
1735113600,0.00000000
1735142400,0.00000000
1735171200,-0.00000885
1735200000,0.00000000
1735228800,-0.00031562
1735257600,-0.00016697
1735286400,-0.00011848
1735315200,0.00000000
1735344000,0.00000000
1735372800,0.00000000
1735401600,0.00000000
1735430400,0.00000000
1735459200,0.00000000
1735488000,0.00000000
1735516800,0.00000000
1735545600,-0.00007761
1735574400,0.00000000
1735603200,0.00000000
1735632000,-0.00001412
1735660800,-0.00003674
1735689600,0.00000000
1735718400,0.00000000
1735747200,0.00000000
1735776000,-0.00017090
1735804800,0.00000000
1735833600,0.00000000
1735862400,0.00000000
1735891200,0.00000000
1735920000,0.00000000
1735948800,0.00000000
1735977600,0.00000000
1736006400,0.00000000
1736035200,0.00000000
1736064000,0.00000000
1736092800,0.00000000
1736121600,0.00000000
1736150400,0.00000000
1736179200,0.00000000
1736208000,0.00009183
1736236800,0.00000000
1736265600,-0.00007515
1736294400,-0.00097361
1736323200,-0.00038843
1736352000,-0.00005393
1736380800,-0.00020205
1736409600,-0.00002644
1736438400,-0.00006041
1736467200,-0.00046329
1736496000,-0.00028026
1736524800,0.00000000
1736553600,0.00000000
1736582400,0.00000000
1736611200,0.00000000
1736640000,0.00000000
1736668800,0.00000000
1736697600,-0.00005640
1736726400,0.00000000
1736755200,-0.00038994
1736784000,-0.00056181
1736812800,0.00000000
1736841600,0.00000000
1736870400,0.00000000
1736899200,0.00000000
1736928000,0.00000000
1736956800,0.00000000
1736985600,0.00000000
1737014400,0.00000000
1737043200,0.00000000
1737072000,0.00000000
1737100800,0.00003588
1737129600,0.00000000
1737158400,0.00000000
1737187200,0.00000000
1737216000,0.00000000
1737244800,0.00000000
1737273600,0.00014009
1737302400,0.00007785
1737331200,0.00003183
1737360000,0.00012056
1737388800,0.00010734
1737417600,0.00000884
1737446400,0.00005365
1737475200,0.00009555
1737504000,0.00011414
1737532800,0.00000000
1737561600,0.00000000
1737590400,0.00007186
1737619200,0.00000316
1737648000,0.00000000
1737676800,0.00000000
1737705600,0.00008366
1737734400,0.00000000
1737763200,0.00000000
1737792000,0.00000000
1737820800,0.00008692
1737849600,0.00007393
1737878400,0.00000000
1737907200,0.00000000
1737936000,0.00000000
1737964800,-0.00011806
1737993600,0.00000000
1738022400,0.00000000
1738051200,0.00000000
1738080000,0.00000000
1738108800,0.00000000
1738137600,0.00000000
1738166400,0.00000000
1738195200,0.00000000
1738224000,0.00000000
1738252800,0.00000000
1738281600,0.00000000
1738310400,0.00000000
1738339200,0.00000000
1738368000,0.00000000
1738396800,0.00006065
1738425600,0.00000000
1738454400,0.00000000
1738483200,0.00000000
1738512000,0.00000000
1738540800,0.00000000
1738569600,0.00000000
1738598400,0.00000000
1738627200,0.00000000
1738656000,0.00000000
1738684800,0.00000000
1738713600,0.00000000
1738742400,0.00000000
1738771200,0.00000000
1738800000,0.00000000
1738828800,0.00000000
1738857600,-0.00001062
1738886400,-0.00007517
1738915200,-0.00009676
1738944000,0.00000000
1738972800,0.00000000
1739001600,0.00000000
1739030400,0.00000000
1739059200,-0.00004891
1739088000,-0.00035055
1739116800,-0.00004112
1739145600,0.00000000
1739174400,0.00000000
1739203200,0.00000000
1739232000,0.00000000
1739260800,0.00000000
1739289600,0.00000000
1739318400,-0.00014838
1739347200,0.00000000
1739376000,0.00000000
1739404800,0.00000000
1739433600,0.00000000
1739462400,-0.00055066
1739491200,0.00000000
1739520000,0.00000000
1739548800,-0.00005277
1739577600,-0.00010519
1739606400,0.00000000
1739635200,-0.00008377
1739664000,0.00000000
1739692800,-0.00004157
1739721600,-0.00035333
1739750400,-0.00014472
1739779200,0.00000000
1739808000,-0.00017970
1739836800,-0.00004687
1739865600,-0.00007162
1739894400,-0.00007734
1739923200,0.00000000
1739952000,0.00000000
1739980800,-0.00018423
1740009600,0.00000000
1740038400,-0.00002058
1740067200,-0.00010928
1740096000,0.00000000
1740124800,-0.00011679
1740153600,-0.00040529
1740182400,-0.00036429
1740211200,-0.00009168
1740240000,-0.00008452
1740268800,-0.00007381
1740297600,-0.00020784
1740326400,-0.00008545
1740355200,-0.00052382
1740384000,-0.00010661
1740412800,0.00000000
1740441600,-0.00001384
1740470400,0.00000000
1740499200,-0.00003019
1740528000,-0.00033883
1740556800,-0.00017781
1740585600,-0.00003690
1740614400,0.00000000
1740643200,0.00000000
1740672000,0.00000000
1740700800,-0.00004567
1740729600,-0.00000634
1740758400,-0.00010522
1740787200,0.00000000
1740816000,-0.00018016
1740844800,-0.00036277
1740873600,-0.00025537
1740902400,-0.00001752
1740931200,0.00000000
1740960000,0.00000000
1740988800,0.00000000
1741017600,-0.00027543
1741046400,-0.00018834
1741075200,-0.00005518
1741104000,0.00000000
1741132800,0.00000000
1741161600,-0.00009954
1741190400,0.00000000
1741219200,0.00000000
1741248000,0.00000000
1741276800,0.00000000
1741305600,0.00000000
1741334400,0.00000000
1741363200,0.00000000
1741392000,0.00000000
1741420800,0.00000000
1741449600,0.00000000
1741478400,0.00000000
1741507200,-0.00009932
1741536000,-0.00003136
1741564800,-0.00010786
1741593600,0.00000000
1741622400,0.00000000
1741651200,-0.00006362
1741680000,-0.00006049
1741708800,0.00000000
1741737600,0.00000000
1741766400,-0.00001423
1741795200,0.00000000
1741824000,0.00000000
1741852800,0.00000000
1741881600,0.00000000
1741910400,0.00000000
1741939200,-0.00004742
1741968000,-0.00001454
1741996800,-0.00002856
1742025600,-0.00000731
1742054400,0.00000000
1742083200,0.00000000
1742112000,0.00000000
1742140800,0.00000000
1742169600,0.00000000
1742198400,0.00000000
1742227200,0.00000000
1742256000,-0.00003807
1742284800,0.00000000
1742313600,0.00000000
1742342400,-0.00010693
1742371200,-0.00010256
1742400000,-0.00015238
1742428800,-0.00047322
1742457600,-0.00000586
1742486400,-0.00012553
1742515200,-0.00031252
1742544000,-0.00055149
1742572800,-0.00034207
1742601600,-0.00033579
1742630400,-0.00033100
1742659200,-0.00037452
1742688000,-0.00029912
1742716800,-0.00032430
1742745600,-0.00048595
1742774400,-0.00019082
1742803200,-0.00027641
1742832000,-0.00018556
1742860800,-0.00014070
1742889600,-0.00032595
1742918400,0.00000000
1742947200,0.00000000
1742976000,0.00000000
1743004800,0.00000000
1743033600,0.00000000
1743062400,0.00000000
1743091200,-0.00002320
1743120000,-0.00023061
1743148800,-0.00019365
1743177600,-0.00003604
1743206400,-0.00026164
1743235200,-0.00022020
1743264000,-0.00026952
1743292800,-0.00025764
1743321600,-0.00045028
1743350400,-0.00033423
1743379200,-0.00022809
1743408000,-0.00005040
1743436800,-0.00004323
1743465600,0.00000000
1743494400,0.00000000
1743523200,-0.00079717
1743552000,0.00000000
1743580800,0.00000000
1743609600,-0.00008386
1743638400,-0.00024780
1743667200,-0.00045003
1743696000,0.00000000
1743724800,0.00000000
1743753600,0.00000000
1743782400,0.00000000
1743811200,0.00000000
1743840000,0.00000000
1743868800,0.00000000
1743897600,0.00000000
1743926400,0.00000000
1743955200,0.00000000
1743984000,0.00000000
1744012800,0.00000000
1744041600,0.00000000
1744070400,0.00000000
1744099200,0.00000000
1744128000,0.00000000
1744156800,0.00000000
1744185600,0.00000000
1744214400,0.00000000
1744243200,0.00000000
1744272000,0.00000000
1744300800,0.00000000
1744329600,0.00000000
1744358400,0.00000000
1744387200,0.00000000
1744416000,0.00000000
1744444800,-0.00015552
1744473600,-0.00017994
1744502400,0.00000000
1744531200,0.00000000
1744560000,-0.00005726
1744588800,-0.00004860
1744617600,0.00000000
1744646400,-0.00013678
1744675200,-0.00009005
1744704000,0.00000000
1744732800,0.00000000
1744761600,-0.00022781
1744790400,0.00000000
1744819200,0.00000000
1744848000,0.00000000
1744876800,0.00000000
1744905600,0.00000000
1744934400,0.00000000
1744963200,-0.00022317
1744992000,-0.00005807
1745020800,0.00000000
1745049600,-0.00034700
1745078400,-0.00041186
1745107200,0.00000000
1745136000,0.00000000
1745164800,0.00000000
1745193600,-0.00021758
1745222400,0.00000000
1745251200,0.00000000
1745280000,-0.00023365
1745308800,-0.00010438
1745337600,0.00000000
1745366400,0.00000000
1745395200,0.00000000
1745424000,0.00000000
1745452800,0.00000000
1745481600,0.00000000
1745510400,0.00000000
1745539200,0.00000000
1745568000,0.00000000
1745596800,0.00000000
1745625600,0.00000000
1745654400,-0.00005172
1745683200,0.00000000
1745712000,0.00000000
1745740800,-0.00007247
1745769600,-0.00008618
1745798400,0.00000000
1745827200,0.00000000
1745856000,0.00000000
1745884800,0.00000000
1745913600,0.00000000
1745942400,-0.00004513
1745971200,-0.00022437
1746000000,0.00000000
1746028800,-0.00001462
1746057600,-0.00049730
1746086400,0.00000000
1746115200,0.00000000
1746144000,-0.00020135
1746172800,0.00000000
1746201600,0.00000000
1746230400,-0.00000636
1746259200,0.00000000
1746288000,-0.00003504
1746316800,-0.00001702
1746345600,-0.00003106
1746374400,-0.00049565
1746403200,-0.00030230
1746432000,0.00000000
1746460800,0.00000000
1746489600,-0.00001939
1746518400,-0.00046111
1746547200,0.00000000
1746576000,0.00000000
1746604800,0.00000000
1746633600,0.00000000
1746662400,-0.00006247
1746691200,0.00000000
1746720000,0.00000000
1746748800,0.00000000
1746777600,0.00000000
1746806400,0.00000000
1746835200,0.00000000
1746864000,0.00000000
1746892800,0.00000000
1746921600,0.00000000
1746950400,0.00002903
1746979200,0.00000649
1747008000,0.00000000
1747036800,0.00000000
1747065600,0.00006043
1747094400,0.00000000
1747123200,0.00000000
1747152000,0.00000000
1747180800,0.00005012
1747209600,0.00000000
1747238400,0.00000000
1747267200,0.00000000
1747296000,0.00000000
1747324800,0.00000000
1747353600,0.00000000
1747382400,0.00000000
1747411200,0.00000000
1747440000,0.00000000
1747468800,0.00000000
1747497600,0.00000000
1747526400,0.00000000
1747555200,0.00000000
1747584000,0.00000000
1747612800,0.00000000
1747641600,0.00000000
1747670400,0.00000000
1747699200,0.00000000
1747728000,0.00000000
1747756800,0.00000000
1747785600,0.00000000
1747814400,0.00000000
1747843200,0.00000000
1747872000,0.00000000
1747900800,0.00000000
1747929600,0.00000000
1747958400,0.00000000
1747987200,0.00000000
1748016000,0.00000000
1748044800,0.00000000
1748073600,0.00000000
1748102400,0.00000000
1748131200,0.00000000
1748160000,0.00000000
1748188800,0.00000000
1748217600,0.00000000
1748246400,0.00000000
1748275200,0.00000000
1748304000,0.00000000
1748332800,0.00000000
1748361600,0.00000000
1748390400,0.00000000
1748419200,0.00000000
1748448000,0.00000000
1748476800,0.00000000
1748505600,0.00000000
1748534400,0.00000000
1748563200,0.00000000
1748592000,0.00000000
1748620800,0.00000000
1748649600,0.00000000
1748678400,-0.00003519
1748707200,0.00000000
1748736000,0.00000000
1748764800,-0.00002485
1748793600,-0.00001710
1748822400,0.00000000
1748851200,0.00000000
1748880000,0.00000000
1748908800,0.00000000
1748937600,0.00000000
1748966400,0.00000000
1748995200,0.00000000
1749024000,0.00000000
1749052800,0.00000000
1749081600,0.00000000
1749110400,0.00000000
1749139200,0.00000000
1749168000,-0.00017896
1749196800,-0.00016509
1749225600,0.00000000
1749254400,0.00000000
1749283200,-0.00002929
1749312000,-0.00003338
1749340800,0.00000000
1749369600,-0.00005138
1749398400,0.00000000
1749427200,0.00000000
1749456000,-0.00013999
1749484800,-0.00002759
1749513600,0.00000000
1749542400,0.00000000
1749571200,-0.00002840
1749600000,0.00000000
1749628800,0.00000000
1749657600,0.00000000
1749686400,0.00000000
1749715200,0.00000000
1749744000,0.00000000
1749772800,-0.00008669
1749801600,0.00000000
1749830400,0.00000000
1749859200,0.00000000
1749888000,-0.00009685
1749916800,-0.00014980
1749945600,-0.00015328
1749974400,0.00000000
1750003200,0.00000000
1750032000,0.00000000
1750060800,0.00000000
1750089600,0.00000000
1750118400,0.00000000
1750147200,0.00000000
1750176000,0.00000000
1750204800,0.00000000
1750233600,0.00000000
1750262400,-0.00017564
1750291200,-0.00006854
1750320000,0.00000000
1750348800,0.00000000
1750377600,0.00000000
1750406400,0.00000000
1750435200,0.00000000
1750464000,0.00000000
1750492800,0.00000000
1750521600,-0.00015072
1750550400,-0.00012535
1750579200,0.00000000
1750608000,0.00000000
1750636800,0.00000000
1750665600,0.00000000
1750694400,0.00000000
1750723200,-0.00000768
1750752000,-0.00016409
1750780800,-0.00012123
1750809600,0.00000000
1750838400,0.00000000
1750867200,0.00000000
1750896000,0.00000000
1750924800,0.00000000
1750953600,0.00000000
1750982400,0.00000000
1751011200,0.00000000
1751040000,0.00000000
1751068800,0.00000000
1751097600,0.00000000
1751126400,0.00000000
1751155200,0.00000000
1751184000,0.00000000
1751212800,0.00000000
1751241600,0.00000000
1751270400,0.00000000
1751299200,0.00000000
1751328000,0.00000000
1751356800,0.00000000
1751385600,0.00000000
1751414400,0.00000000
1751443200,0.00000000
1751472000,0.00000000
1751500800,0.00000000
1751529600,0.00000000
1751558400,0.00000000
1751587200,0.00000000
1751616000,0.00000000
1751644800,0.00000000
1751673600,0.00000000
1751702400,0.00000000
1751731200,0.00000000
1751760000,0.00000000
1751788800,0.00000000
1751817600,0.00000000
1751846400,0.00000000
1751875200,0.00000000
1751904000,0.00000000
1751932800,0.00000000
1751961600,0.00000000
1751990400,0.00000000
1752019200,0.00000000
1752048000,0.00000000
1752076800,0.00000000
1752105600,0.00000000
1752134400,0.00000000
1752163200,0.00000000
1752192000,0.00000000
1752220800,0.00000000
1752249600,0.00000000
1752278400,0.00000000
1752307200,0.00002145
1752336000,0.00000000
1752364800,0.00000000
1752393600,0.00000000
1752422400,0.00000000
1752451200,0.00000000
1752480000,0.00009440
1752508800,0.00000000
1752537600,0.00000000
1752566400,0.00000000
1752595200,0.00000000
1752624000,0.00000000
1752652800,0.00000000
1752681600,0.00000000
1752710400,0.00000000
1752739200,0.00000000
1752768000,0.00004682
1752796800,0.00005506
1752825600,0.00013265
1752854400,0.00004213
1752883200,0.00000000
1752912000,0.00000000
1752940800,0.00000000
1752969600,0.00000000
1752998400,0.00001211
1753027200,0.00000000
1753056000,0.00003139
1753084800,0.00001130
1753113600,0.00012067
1753142400,0.00000000
1753171200,0.00000000
1753200000,0.00010652
1753228800,0.00024488
1753257600,0.00023989
1753286400,0.00003205
1753315200,0.00000000
1753344000,0.00000000
1753372800,0.00003908
1753401600,0.00000000
1753430400,0.00000000
1753459200,0.00001809
1753488000,0.00013733
1753516800,0.00000560
1753545600,0.00000157
1753574400,0.00012703
1753603200,0.00000000
1753632000,0.00009734
1753660800,0.00013252
1753689600,0.00010789
1753718400,0.00011022
1753747200,0.00005822
1753776000,0.00000714
1753804800,0.00007209
1753833600,0.00010428
1753862400,0.00003363
1753891200,0.00003062
1753920000,0.00007977
1753948800,0.00000000
1753977600,0.00000000
1754006400,0.00000000
1754035200,0.00002565
1754064000,0.00003090
1754092800,0.00000979
1754121600,0.00000000
1754150400,0.00000000
1754179200,0.00003677
1754208000,0.00000000
1754236800,0.00000000
1754265600,0.00000000
1754294400,0.00000000
1754323200,0.00000000
1754352000,0.00000000
1754380800,0.00000000
1754409600,0.00000000
1754438400,0.00000000
1754467200,0.00000000
1754496000,0.00003269
1754524800,0.00004170
1754553600,0.00000000
1754582400,0.00000000
1754611200,0.00000000
1754640000,0.00000000
1754668800,0.00000000
1754697600,0.00000000
1754726400,0.00000000
1754755200,0.00005501
1754784000,0.00000000
1754812800,0.00003278
1754841600,0.00000000
1754870400,0.00000000
1754899200,0.00014301
1754928000,0.00000000
1754956800,0.00000000
1754985600,0.00000000
1755014400,0.00000000
1755043200,0.00014410
1755072000,0.00007511
1755100800,0.00022827
1755129600,0.00002287
1755158400,0.00019442
1755187200,0.00008604
1755216000,0.00000000
1755244800,0.00000000
1755273600,0.00000000
1755302400,0.00000000
1755331200,0.00000000
1755360000,0.00000000
1755388800,0.00000000
1755417600,0.00000344
1755446400,0.00000000
1755475200,0.00003265
1755504000,0.00000000
1755532800,0.00000000
1755561600,0.00000000
1755590400,0.00000000
1755619200,0.00000000
1755648000,0.00000000
1755676800,0.00000000
1755705600,0.00000000
1755734400,0.00009039
1755763200,0.00003769
1755792000,0.00000000
1755820800,0.00000000
1755849600,0.00000000
1755878400,0.00004832
1755907200,0.00032856
1755936000,0.00018028
1755964800,0.00012106
1755993600,0.00011059
1756022400,0.00011701
1756051200,0.00000000
1756080000,0.00000009
1756108800,0.00006642
1756137600,0.00000000
1756166400,0.00000000
1756195200,0.00000280
1756224000,0.00000000
1756252800,0.00004937
1756281600,0.00000000
1756310400,0.00000000
1756339200,0.00002791
1756368000,0.00009121
1756396800,0.00006997
1756425600,0.00003288
1756454400,0.00001013
1756483200,0.00002538
1756512000,0.00001126
1756540800,0.00004455
1756569600,0.00000000
1756598400,0.00003932
1756627200,0.00000000
1756656000,0.00000000
1756684800,0.00000000
1756713600,0.00000000
1756742400,0.00000000
1756771200,0.00000000
1756800000,0.00000000
1756828800,0.00002168
1756857600,0.00000000
1756886400,0.00000000
1756915200,0.00000000
1756944000,0.00002732
1756972800,0.00000000
1757001600,0.00000000
1757030400,0.00000000
1757059200,0.00000000
1757088000,0.00000000
1757116800,0.00000000
1757145600,0.00000000
1757174400,0.00001384
1757203200,0.00000000
1757232000,0.00000000
1757260800,0.00005222
1757289600,0.00007418
1757318400,0.00000000
1757347200,0.00000000
1757376000,0.00012454
1757404800,0.00009705
1757433600,0.00000000
1757462400,0.00000000
1757491200,0.00005321
1757520000,0.00010856
1757548800,0.00000000
1757577600,0.00000000
1757606400,0.00002308
1757635200,0.00000000
1757664000,0.00003147
1757692800,0.00010830
1757721600,0.00016022
1757750400,0.00012080
1757779200,0.00012118
1757808000,0.00000000
1757836800,0.00010453
1757865600,0.00000000
1757894400,0.00000000
1757923200,0.00000000
1757952000,0.00000000
1757980800,0.00000195
1758009600,0.00000000
1758038400,0.00000000
1758067200,0.00015544
1758096000,0.00005771
1758124800,0.00006133
1758153600,0.00011161
1758182400,0.00014904
1758211200,0.00007826
1758240000,0.00003442
1758268800,0.00000000
1758297600,0.00008365
1758326400,0.00000000
1758355200,0.00000000
1758384000,0.00000000
1758412800,0.00000000
1758441600,0.00000000
1758470400,0.00000000
1758499200,0.00000000
1758528000,0.00004118
1758556800,0.00007583
1758585600,0.00004293
1758614400,0.00000000
1758643200,0.00000000
1758672000,0.00006267
1758700800,0.00000000
1758729600,0.00000926
1758758400,0.00000000
1758787200,0.00011201
1758816000,0.00000450
1758844800,0.00005119
1758873600,0.00000924
1758902400,0.00000000
1758931200,0.00000000
1758960000,0.00000000
1758988800,0.00000000
1759017600,0.00000000
1759046400,0.00000000
1759075200,0.00000000
1759104000,0.00000000
1759132800,0.00016081
1759161600,0.00000000
1759190400,0.00000000
1759219200,0.00003761
1759248000,0.00007373
1759276800,0.00000000
1759305600,0.00000000
1759334400,0.00000000
1759363200,0.00000000
1759392000,0.00000000
1759420800,0.00000000
1759449600,0.00021025
1759478400,0.00009993
1759507200,0.00002968
1759536000,0.00009490
1759564800,0.00003472
1759593600,0.00003987
1759622400,0.00004607
1759651200,0.00000000
1759680000,0.00000000
1759708800,0.00000000
1759737600,0.00006884
1759766400,0.00003841
1759795200,0.00000000
1759824000,0.00000000
1759852800,0.00006251
1759881600,0.00000000
1759910400,0.00000000
1759939200,0.00000000
1759968000,0.00000000
1759996800,0.00000000
1760025600,0.00000000
1760054400,0.00000000
1760083200,0.00000000
1760112000,0.00000000
1760140800,0.00000276
1760169600,0.00000000
1760198400,0.00000000
1760227200,0.00000000
1760256000,0.00000000
1760284800,-0.00005331
1760313600,0.00000000
1760342400,-0.00030569
1760371200,0.00000000
1760400000,-0.00027668
1760428800,0.00000000
1760457600,-0.00016775
1760486400,-0.00020435
1760515200,0.00000000
1760544000,0.00000000
1760572800,0.00000000
1760601600,0.00000000
1760630400,0.00000000
1760659200,0.00000000
1760688000,0.00000000
1760716800,-0.00016779
1760745600,0.00000000
1760774400,-0.00013138
1760803200,-0.00008672
1760832000,-0.00001193
1760860800,0.00000000
1760889600,-0.00008195
1760918400,-0.00021765
1760947200,-0.00003486
1760976000,-0.00035218
1761004800,-0.00002886
1761033600,0.00000000
1761062400,0.00000000
1761091200,0.00000000
1761120000,-0.00014817
1761148800,-0.00007842
1761177600,-0.00006940
1761206400,0.00000000
1761235200,0.00000000
1761264000,-0.00020182
1761292800,-0.00003383
1761321600,-0.00021638
1761350400,-0.00015562
1761379200,-0.00009134
1761408000,-0.00002384
1761436800,0.00000000
1761465600,0.00000000
1761494400,0.00000000
1761523200,0.00000000
1761552000,0.00000000
1761580800,0.00000000
1761609600,0.00000000
1761638400,-0.00011396
1761667200,0.00000000
1761696000,-0.00029777
1761724800,-0.00023533
1761753600,0.00000000
1761782400,0.00000000
1761811200,0.00000000
1761840000,-0.00009470
1761868800,-0.00030437
1761897600,-0.00010318
1761926400,0.00000000
1761955200,-0.00009114
1761984000,-0.00000892
1762012800,-0.00014754
1762041600,0.00000000
1762070400,0.00000000
1762099200,0.00000000
1762128000,0.00000000
1762156800,0.00000000
1762185600,0.00000000
1762214400,0.00000000
1762243200,0.00000000
1762272000,0.00000000
1762300800,0.00000000
1762329600,0.00000000
1762358400,0.00000000
1762387200,0.00000000
1762416000,0.00000000
1762444800,0.00000000
1762473600,0.00000000
1762502400,0.00000000
1762531200,0.00000000
1762560000,0.00000000
1762588800,0.00000000
1762617600,0.00000000
1762646400,0.00000000
1762675200,0.00000000
1762704000,0.00000000
1762732800,0.00000000
1762761600,-0.00000006
1762790400,-0.00021863
1762819200,-0.00015352
1762848000,0.00000000
1762876800,0.00000000
1762905600,0.00000000
1762934400,0.00000000
1762963200,0.00000000
1762992000,-0.00002848
1763020800,0.00000000
1763049600,0.00000000
1763078400,0.00000000
1763107200,0.00000000
1763136000,0.00000000
1763164800,0.00000000
1763193600,0.00000000
1763222400,0.00000000
1763251200,0.00000000
1763280000,0.00004995
1763308800,0.00000000
1763337600,0.00000000
1763366400,0.00006771
1763395200,0.00000000
1763424000,0.00000000
1763452800,0.00005110
1763481600,0.00006524
1763510400,0.00009883
1763539200,0.00008900
1763568000,0.00000458
1763596800,0.00000000
1763625600,0.00008774
1763654400,0.00005937
1763683200,0.00000000
1763712000,0.00002824
1763740800,0.00001020
1763769600,0.00005137
1763798400,0.00006640
1763827200,0.00001610
1763856000,0.00007803
1763884800,0.00000000
1763913600,0.00000000
1763942400,0.00000000
1763971200,0.00011464
1764000000,0.00000000
1764028800,0.00014383
1764057600,0.00000000
1764086400,0.00000000
1764115200,0.00000000
1764144000,0.00000870
1764172800,0.00000000
1764201600,0.00005647
1764230400,0.00000000
1764259200,0.00000000
1764288000,0.00000000
1764316800,0.00000000
1764345600,0.00000000
1764374400,0.00000000
1764403200,0.00000000
1764432000,0.00000000
1764460800,0.00000000
1764489600,0.00000000
1764518400,0.00000000
1764547200,0.00000000
1764576000,0.00000000
1764604800,0.00000000
1764633600,0.00000000
1764662400,0.00000000
1764691200,0.00000000
1764720000,0.00000000
1764748800,0.00000000
1764777600,0.00000000
1764806400,0.00003446
1764835200,0.00005603
1764864000,0.00005758
1764892800,0.00002223
1764921600,0.00001496
1764950400,0.00002344
1764979200,0.00000000
1765008000,0.00000000
1765036800,0.00000000
1765065600,0.00000000
1765094400,0.00000000
1765123200,0.00000000
1765152000,0.00000000
1765180800,0.00002792
1765209600,0.00003235
1765238400,0.00000000
1765267200,0.00000000
1765296000,0.00000000
1765324800,0.00001106
1765353600,0.00000000
1765382400,0.00000000
1765411200,0.00003901
1765440000,0.00000000
1765468800,0.00000000
1765497600,0.00000000
1765526400,0.00000000
1765555200,0.00000000
1765584000,0.00000000
1765612800,0.00000000
1765641600,0.00006184
1765670400,0.00003637
1765699200,0.00000000
1765728000,0.00001561
1765756800,0.00000000
1765785600,0.00000000
1765814400,0.00000000
1765843200,0.00000000
1765872000,0.00000000
1765900800,0.00000000
1765929600,0.00000000
1765958400,0.00000000
1765987200,0.00000000
1766016000,0.00000000
1766044800,0.00000000
1766073600,0.00000000
1766102400,0.00000000
1766131200,0.00000000
1766160000,0.00000000
1766188800,0.00006564
1766217600,0.00004864
1766246400,0.00005854
1766275200,0.00001097
1766304000,0.00000000
1766332800,0.00000540
1766361600,0.00001576
1766390400,0.00000000
1766419200,0.00008095
1766448000,0.00001888
1766476800,0.00000000
1766505600,0.00000000
1766534400,0.00000000
1766563200,0.00000000
1766592000,0.00000000
1766620800,0.00000000
1766649600,0.00000000
1766678400,0.00000000
1766707200,0.00000000
1766736000,0.00000000
1766764800,0.00000000
1766793600,0.00000000
1766822400,0.00000000
1766851200,0.00004901
1766880000,0.00004480
1766908800,0.00001940
1766937600,0.00010964
1766966400,0.00011598
1766995200,0.00000000
1767024000,0.00000000
1767052800,0.00000000
1767081600,0.00000000
1767110400,0.00002050
1767139200,0.00007039
1767168000,0.00000000
1767196800,0.00007346
1767225600,0.00006523
1767254400,0.00007071
1767283200,0.00000000
1767312000,0.00000000
1767340800,0.00000000
1767369600,0.00005392
1767398400,0.00010055
1767427200,0.00003998
1767456000,0.00000000
1767484800,0.00002126
1767513600,0.00004640
1767542400,0.00010041
1767571200,0.00010532
1767600000,0.00000850
1767628800,0.00005953
1767657600,0.00010224
1767686400,0.00000000
1767715200,0.00005142
1767744000,0.00004136
1767772800,0.00006570
1767801600,0.00000329
1767830400,0.00004555
1767859200,0.00000000
1767888000,0.00000000
1767916800,0.00000000
1767945600,0.00000000
1767974400,0.00000000
1768003200,0.00001141
1768032000,0.00012634
1768060800,0.00000512
1768089600,0.00013400
1768118400,0.00009446
1768147200,0.00003344
1768176000,0.00000000
1768204800,0.00000000
1768233600,0.00000076
1768262400,0.00008828
1768291200,0.00004761
1768320000,0.00013880
1768348800,0.00014578
1768377600,0.00011312
1768406400,0.00005156
1768435200,0.00011014
1768464000,0.00000444
1768492800,0.00004633
1768521600,0.00000000
1768550400,0.00000000
1768579200,0.00000000
1768608000,0.00000000
1768636800,0.00000000
1768665600,0.00000000
1768694400,0.00004767
1768723200,0.00000000
1768752000,0.00000000
1768780800,0.00000000
1768809600,0.00000000
1768838400,0.00000000
1768867200,0.00001336
1768896000,0.00000000
1768924800,0.00000000
1768953600,0.00000000
1768982400,0.00000000
1769011200,0.00000000
1769040000,0.00000000
1769068800,0.00000000
1769097600,0.00000000
1769126400,0.00000000
1769155200,0.00000000
1769184000,0.00001487
1769212800,0.00004664
1769241600,0.00000000
1769270400,0.00000000
1769299200,0.00000000
1769328000,0.00003686
1769356800,0.00000000
1769385600,0.00000000
1769414400,0.00001338
1769443200,0.00005329
1769472000,0.00004882
1769500800,0.00000000
1769529600,0.00006294
1769558400,0.00007193
1769587200,0.00002537
1769616000,0.00000000
1769644800,0.00003327
1769673600,0.00003639
1769702400,0.00002280
1769731200,0.00000000
1769760000,0.00000000
1769788800,0.00000000
1769817600,0.00000000
1769846400,0.00000000
1769875200,0.00000000
1769904000,0.00000000
1769932800,0.00000000
1769961600,0.00000000
1769990400,0.00000000
1770019200,0.00000000
1770048000,0.00000000
1770076800,0.00000000
1770105600,0.00000000
1770134400,0.00000000
1770163200,0.00000000
1770192000,0.00000000
1770220800,0.00000000
1770249600,0.00000000
1770278400,0.00000000
1770307200,0.00000000
1770336000,0.00001730
1770364800,0.00000000
1770393600,0.00000000
1770422400,0.00000000
1770451200,0.00000000
1770480000,0.00000000
1770508800,0.00000000
1770537600,0.00000000
1770566400,0.00000000
1770595200,0.00000000
1770624000,0.00000000
1770652800,0.00000000
1770681600,0.00000000
1770710400,0.00000000
1770739200,0.00000000
1770768000,0.00000000
1770796800,0.00000000
1770825600,0.00000000
1770854400,0.00000000
1770883200,0.00000000
1770912000,0.00000000
1770940800,0.00000000
1770969600,0.00000000
1770998400,0.00000000
1771027200,0.00000000
1771056000,0.00000000
1771084800,0.00000000
1771113600,0.00000000
1771142400,0.00000000
1771171200,0.00000000
1771200000,0.00000000
1771228800,0.00000000
1771257600,0.00000000
1771286400,0.00000000
1771315200,0.00000000
1771344000,0.00000000
1771372800,0.00000000
1771401600,0.00000000
1771430400,0.00000000
1771459200,0.00000000
1771488000,0.00000000
1771516800,-0.00007139
1771545600,0.00000000
1771574400,0.00000000
1771603200,0.00000000
1771632000,0.00000000
1771660800,0.00000000
1771689600,0.00000000
1771718400,0.00000000
1771747200,0.00000000
1771776000,0.00000000
1771804800,0.00000000
1771833600,0.00000000
1771862400,0.00000000
1771891200,0.00000000
1771920000,0.00000000
1771948800,0.00000000
1771977600,0.00000000
1772006400,0.00000000
1772035200,0.00000000
1772064000,0.00000000
1772092800,0.00000000
1772121600,0.00000000
1772150400,0.00000000
1772179200,0.00000000
1772208000,0.00000000
1772236800,0.00000000
1772265600,0.00000000
1772294400,0.00000000
1772323200,0.00000000
1772352000,0.00000000
1772380800,0.00000000
1772409600,0.00000000
1772438400,0.00000000
1772467200,0.00000000
1772496000,0.00000000
1772524800,0.00000000
1772553600,0.00000000
1772582400,0.00000000
1772611200,0.00000000
1772640000,0.00000000
1772668800,0.00000000
1772697600,0.00000000
1772726400,0.00000000
1772755200,0.00000000
1772784000,0.00000000
1772812800,0.00000000
1772841600,0.00000000
1772870400,0.00000000
1772899200,0.00000000
1772928000,0.00000000
1772956800,0.00000000
1772985600,0.00000000
1773014400,0.00000000
1773043200,0.00000000
1773072000,0.00000000
1773100800,0.00000000
1773129600,0.00000000
1773158400,0.00000000
1773187200,0.00000000
1773216000,0.00000000
1773244800,0.00000000
1773273600,0.00000000
1773302400,0.00000000
1773331200,0.00000000
1773360000,0.00000000
1773388800,0.00000000
1773417600,0.00000000
1773446400,0.00000000
1773475200,0.00000000
1773504000,0.00000000
1773532800,0.00000000
1773561600,0.00000000
1773590400,0.00000000
1773619200,0.00000000
1773648000,0.00000000
1773676800,0.00000000
1773705600,0.00000000
1773734400,0.00000000
1773763200,0.00000000
1773792000,0.00000000
1773820800,0.00000000
1773849600,0.00000000
1773878400,-0.00005147
1773907200,-0.00005010
1773936000,0.00000000
1773964800,0.00000000
1773993600,-0.00012728
1774022400,0.00000000
1774051200,0.00000000
1774080000,0.00000000
1774108800,0.00000000
1774137600,0.00000000
1774166400,0.00000000
1774195200,-0.00007288
1774224000,-0.00004454
1774252800,0.00000000
1774281600,0.00000000
1774310400,0.00000000
1774339200,0.00000000
1774368000,0.00000000
1774396800,0.00000000
1774425600,0.00000000
1774454400,0.00000000
1774483200,0.00000000
1774512000,0.00000000
1774540800,0.00000000
1774569600,0.00000000
1774598400,0.00000000
1774627200,-0.00002719
1774656000,0.00000000
1774684800,0.00000000
1774713600,0.00000000
1774742400,0.00000000
1774771200,0.00000000
1774800000,0.00000000
1774828800,0.00000000
1774857600,0.00000000
1774886400,0.00000000
1774915200,0.00000000
1774944000,0.00000000
1774972800,0.00000000
1775001600,0.00000000
1775030400,0.00004798
1775059200,0.00003638
1775088000,0.00000743
1775116800,0.00000000
1775145600,0.00000000
1775174400,0.00000000
1775203200,0.00000000
1775232000,0.00000000
1775260800,0.00000000
1775289600,0.00000000
1775318400,0.00000000
1775347200,0.00000000
1775376000,0.00000000
1775404800,0.00000000
1775433600,0.00000000
1775462400,0.00000000
1775491200,0.00003249
1775520000,0.00000457
1775548800,0.00000000
1775577600,0.00000000
1775606400,0.00010441
1775635200,0.00005151
1775664000,0.00004108
1775692800,0.00002561
1775721600,0.00000011
1775750400,0.00003305
1775779200,0.00005621
1775808000,0.00000000
1775836800,0.00000000
1775865600,0.00009157
1775894400,0.00000000
1775923200,0.00000154
1775952000,0.00006577
1775980800,0.00000000
1776009600,0.00000000
1776038400,0.00000000
1776067200,0.00000000
1776096000,0.00000000
1776124800,0.00015422
1776153600,0.00005862
1776182400,0.00003028
1776211200,0.00003773
1776240000,0.00000000
1776268800,0.00004407
1776297600,0.00010905
1776326400,0.00000000
1776355200,0.00000000
1776384000,0.00009789
1776412800,0.00000234
1776441600,0.00000000
1776470400,0.00001541
1776499200,0.00000138
1776528000,0.00000000
1776556800,0.00001261
1776585600,0.00000000
1776614400,0.00000000
1776643200,0.00000000
1776672000,0.00003601
1776700800,0.00001888
1776729600,0.00005462
1776758400,0.00000000
1776787200,0.00000000
1776816000,0.00000000
1776844800,0.00005781
1776873600,0.00007639
1776902400,0.00001259
1776931200,0.00000000
1776960000,0.00000000
1776988800,0.00003278
1777017600,0.00000000
1777046400,0.00007341
1777075200,0.00003157
1777104000,0.00000000
1777132800,0.00000000
1777161600,0.00000000
1777190400,0.00003265
1777219200,0.00000626
1777248000,0.00002096
1777276800,0.00000000
1777305600,0.00000000
1777334400,0.00000000
1777363200,0.00000000
1777392000,0.00004102
1777420800,0.00004604
1777449600,0.00000000
1777478400,0.00000000
1777507200,0.00000000
1777536000,0.00000000
1777564800,0.00000697
1777593600,0.00001441
1777622400,0.00000000
1777651200,0.00001996
1777680000,0.00006706
1777708800,0.00000000
1777737600,0.00000450
1777766400,0.00002275
1777795200,0.00000000
1777824000,0.00005316
1777852800,0.00001607
1777881600,0.00011312
1777910400,0.00002752
1777939200,0.00005378
1777968000,0.00003103
1777996800,0.00010704
1778025600,0.00011317
1778054400,0.00001521
1778083200,0.00009460
1778112000,0.00009945
1778140800,0.00004520
1778169600,0.00005902
1778198400,0.00000891
1778227200,0.00000000
1778256000,0.00000000
1778284800,0.00002196
1778313600,0.00010676
1778342400,0.00007448
1778371200,0.00002289
1778400000,0.00000311
1778428800,0.00007970
1778457600,0.00009230
1778486400,0.00000828
1778515200,0.00000000
1778544000,0.00006651
1778572800,0.00000000
1778601600,0.00015663
1778630400,0.00012970
1778659200,0.00006636
1778688000,0.00000000
1778716800,0.00000000
1778745600,0.00000000
1778774400,0.00000000
1778803200,0.00012416
1778832000,0.00000000
1778860800,0.00000000
1778889600,0.00000000
1778918400,0.00000000
1778947200,0.00000000
1778976000,0.00000000
1779004800,0.00003265
1779033600,0.00000000
1779062400,0.00000000
1779091200,0.00004297
1779120000,0.00000000
1779148800,0.00000000
1779177600,0.00000000
1779206400,0.00001483
1779235200,0.00007620
1779264000,0.00000889
1779292800,0.00006240
1779321600,0.00002383
1779350400,0.00008131
1779379200,0.00005686
1779408000,0.00004007
1779436800,0.00002067
1779465600,0.00000000
1779494400,0.00000214
1779523200,0.00000000
1779552000,0.00000000
1779580800,0.00004985
1779609600,0.00004422
1779638400,0.00009400
1779667200,0.00000000
1779696000,0.00006740
1779724800,0.00004621
1779753600,0.00005354
1779782400,0.00000000
1779811200,0.00002838
1779840000,0.00003134
1779868800,0.00007440
1779897600,0.00006759
1779926400,0.00005788
1779955200,0.00000000
1779984000,0.00000000
1780012800,0.00007032
1780041600,0.00000000
1780070400,0.00000910
1780099200,0.00003792
1780128000,0.00010904
1780156800,0.00011873
1780185600,0.00000000
1780214400,0.00000000
1780243200,0.00000115
1780272000,0.00000000
1780300800,0.00009172
1780329600,0.00000000
1780358400,0.00000000
1780387200,0.00003806
1780416000,0.00012850
1780444800,0.00003437
1780473600,0.00006088
1780502400,0.00003580
1780531200,0.00000000
1780560000,0.00005166
1780588800,0.00000000
1780617600,0.00000000
1780646400,0.00000000
1780675200,0.00004098
1780704000,0.00006864
1780732800,0.00000000
1780761600,0.00000000
1780790400,0.00000000
1780819200,0.00000000
1780848000,0.00000000
1780876800,0.00000000
1780905600,0.00000000
1780934400,0.00000000
1780963200,0.00000000
1780992000,0.00000000
1781020800,0.00000000
1781049600,0.00000860
1781078400,0.00000000
1781107200,0.00000000
1781136000,0.00000000
1781164800,0.00000000
1781193600,0.00004668
1781222400,0.00002744
1781251200,0.00000000
1781280000,0.00006548
1781308800,0.00000000
1781337600,0.00000000
1781366400,0.00004204
1781395200,0.00000000
1781424000,0.00000000
1781452800,0.00000000
1781481600,0.00000000
1781510400,0.00005384
1781539200,0.00001223
1781568000,0.00000000
1781596800,0.00000000
1781625600,0.00000000
1781654400,0.00003807
1781683200,0.00005440
1781712000,0.00005276
1781740800,0.00005822
1781769600,0.00000000
1781798400,0.00000000
1781827200,0.00000000
1781856000,0.00000000
1781884800,0.00000000
1781913600,0.00000000
1781942400,0.00001830
1781971200,0.00004245
1782000000,0.00000000
1782028800,0.00000000
1782057600,0.00005515
1782086400,0.00000000
1782115200,0.00000000
1782144000,0.00000000
1782172800,0.00000000
1782201600,0.00000000
1782230400,0.00000000
1782259200,0.00000000
1782288000,0.00000000
1782316800,0.00000000
1782345600,0.00000000
1782374400,0.00000000
1782403200,0.00000000
1782432000,0.00000000
1782460800,0.00000000
1782489600,0.00000000
1782518400,0.00006039
1782547200,0.00004127
1782576000,0.00006890
1782604800,0.00000000
1782633600,0.00000000
1782662400,0.00000000
1782691200,0.00000000
1782720000,0.00000652
1782748800,0.00001584
1782777600,0.00004028
1782806400,0.00000000
1782835200,0.00000000
1782864000,0.00008374
1782892800,0.00001081
1782921600,0.00000000
1782950400,0.00005254
1782979200,0.00004503
1783008000,0.00010499
1783036800,0.00004190
1783065600,0.00005653
1783094400,0.00012910
1783123200,0.00019594
1783152000,0.00012176
1783180800,0.00010833
1783209600,0.00004393
1783238400,0.00003193
1783267200,0.00007046
1783296000,0.00004905
1783324800,0.00002640
1783353600,0.00000735
1783382400,0.00002595
1783411200,0.00000000
1783440000,0.00001872
1783468800,0.00004957
1783497600,0.00001075
1783526400,0.00000000
1783555200,0.00003204
1783584000,0.00008613
1783612800,0.00012025
1783641600,0.00007403
1783670400,0.00011748
1783699200,0.00011027
1783728000,0.00009961
1783756800,0.00005645
1783785600,0.00007755
1783814400,0.00008350
1783843200,0.00000000
1783872000,0.00011818
1783900800,0.00004761
1783929600,0.00000162
1783958400,0.00003773
1783987200,0.00000000
1784016000,0.00003843
1784044800,0.00009807
1784073600,0.00012457
1784102400,0.00013454
1784131200,0.00008756
1784160000,0.00014088
1784188800,0.00009816
1784217600,0.00011070
1784246400,0.00006363
1784275200,0.00002252
1784304000,0.00000000
1784332800,0.00000000
1784361600,0.00002518
1784390400,0.00009856
1784419200,0.00006925
1784448000,0.00002070
1784476800,0.00006631
1784505600,0.00000243
1784534400,0.00000000
1784563200,0.00008469
1784592000,0.00006225
1784620800,0.00009386
1784649600,0.00011917
1784678400,0.00015287
1784707200,0.00006610
1784736000,0.00010491
1784764800,0.00005785
1784793600,0.00000000
1784822400,0.00003257
1784851200,0.00001896
1784880000,0.00000000
1784908800,0.00000000
1784937600,0.00000923
1784966400,0.00005581
1784995200,0.00003563
1785024000,0.00006601
1785052800,0.00010218
1785081600,0.00010676
1785110400,0.00006721
1785139200,0.00000000
1785168000,0.00000000
1785196800,0.00002237
1785225600,0.00000000
1785254400,0.00007903
1785283200,0.00002957
1785312000,0.00003688
1785340800,0.00001878
1785369600,0.00006905
1785398400,0.00005247
1785427200,0.00010660
1785456000,0.00005150
1785484800,0.00002909
1785513600,0.00005473
1785542400,0.00001396
1785571200,0.00005477
1785600000,0.00009812
1785628800,0.00006616
1785657600,0.00006611
1785686400,0.00008510
1785715200,0.00015493
1785744000,0.00005941
1785772800,0.00009800
1785801600,0.00011987
1785830400,0.00002499
1785859200,0.00003091
1785888000,0.00000817
1785916800,0.00002061
1785945600,0.00001565
1785974400,0.00000000
1786003200,0.00000000
1786032000,0.00000000
1786060800,0.00000000
1786089600,0.00000000
1786118400,0.00002042
1786147200,0.00002913
1786176000,0.00006062
1786204800,0.00008649
1786233600,0.00003867
1786262400,0.00002556
1786291200,0.00011833
1786320000,0.00011836
1786348800,0.00004224
1786377600,0.00010793
1786406400,0.00007867
1786435200,0.00006203
1786464000,0.00008918
1786492800,0.00001080
1786521600,0.00007907
1786550400,0.00000000
1786579200,0.00000000
1786608000,0.00000000
1786636800,0.00000000
1786665600,0.00000000
1786694400,0.00000000
1786723200,0.00000000
1786752000,0.00000000
1786780800,0.00004271
1786809600,0.00000000
1786838400,0.00000129
1786867200,0.00000000
1786896000,0.00000000
1786924800,0.00000000
1786953600,0.00000000
1786982400,0.00001602
1787011200,0.00004724
1787040000,0.00001077
1787068800,0.00000560
1787097600,0.00002362
1787126400,0.00002314
1787155200,0.00002929
1787184000,0.00021922
1787212800,0.00006818
1787241600,0.00000000
1787270400,0.00015178
1787299200,0.00002448
1787328000,0.00021317
1787356800,0.00023005
1787385600,0.00032423
1787414400,0.00018909
1787443200,0.00020804
1787472000,0.00015530
1787500800,0.00000000
1787529600,0.00009681
1787558400,0.00000134
1787587200,0.00002642
1787616000,0.00000000
1787644800,0.00007358
1787673600,0.00000000
1787702400,0.00000000
1787731200,0.00000000
1787760000,0.00001995
1787788800,0.00008233
1787817600,0.00001213
1787846400,0.00004706
1787875200,0.00000000
1787904000,0.00002180
1787932800,0.00000000
1787961600,0.00000000
1787990400,0.00000000
1788019200,0.00000000
