timestamp,open,high,low,close,volume
1738828800,11.828,11.828,8.318,8.427,34342996.6
1738857600,8.426,9.368,6.576,8.588,191366235.7
1738886400,8.589,9.0,7.34,7.54,80757171.6
1738915200,7.54,8.19,7.186,7.774,85128492.7
1738944000,7.775,8.553,7.365,7.678,70017357.7
1738972800,7.677,7.775,6.207,6.41,57648819.7
1739001600,6.408,6.795,6.231,6.325,55052473.6
1739030400,6.325,6.353,5.725,6.046,49110311.3
1739059200,6.045,6.5,5.814,5.872,43674935.4
1739088000,5.872,5.971,5.38,5.457,45443369.5
1739116800,5.457,5.686,4.891,5.179,41451236.7
1739145600,5.178,5.45,4.735,5.212,49924702.8
1739174400,5.211,5.69,4.931,5.242,42789649.6
1739203200,5.241,5.684,5.214,5.278,29058071.9
1739232000,5.277,6.35,5.232,6.04,39486828.5
1739260800,6.041,6.041,5.382,5.536,29477899.2
1739289600,5.535,5.908,5.388,5.8,22835071.5
1739318400,5.8,6.045,5.414,5.436,28871525.7
1739347200,5.436,5.725,5.389,5.595,25677384.5
1739376000,5.596,6.109,5.441,5.876,20741527.9
1739404800,5.877,6.3,5.737,5.904,19144681.3
1739433600,5.903,6.067,5.685,5.818,17008192.0
1739462400,5.818,5.818,5.54,5.595,10088705.9
1739491200,5.596,5.66,5.411,5.462,10892263.7
1739520000,5.462,5.965,5.436,5.935,13514571.5
1739548800,5.935,6.012,5.726,5.901,9032978.3
1739577600,5.902,6.104,5.747,6.007,14772506.4
1739606400,6.007,6.185,5.63,5.65,17115153.8
1739635200,5.65,5.834,5.608,5.647,6831925.3
1739664000,5.648,5.679,5.482,5.547,7390871.7
1739692800,5.547,5.644,5.522,5.593,7088780.9
1739721600,5.593,5.754,5.524,5.607,5804580.8
1739750400,5.607,5.835,5.555,5.78,7310548.8
1739779200,5.779,6.122,5.761,6.006,14904859.6
1739808000,6.005,6.699,5.91,6.133,26448497.4
1739836800,6.132,6.201,5.74,5.801,15625878.9
1739865600,5.801,5.927,5.654,5.77,10375937.3
1739894400,5.769,6.279,5.759,6.234,10401243.1
1739923200,6.234,6.714,6.187,6.565,19307808.0
1739952000,6.566,6.869,6.412,6.525,19939996.7
1739980800,6.524,6.677,6.452,6.604,7878129.8
1740009600,6.604,7.722,6.491,7.464,31494192.1
1740038400,7.467,8.385,7.438,7.902,48339702.8
1740067200,7.902,9.231,7.821,8.839,39546555.3
1740096000,8.839,8.897,8.049,8.234,22616053.1
1740124800,8.233,8.588,7.55,7.669,21490751.5
1740153600,7.669,8.024,7.45,7.488,16154916.7
1740182400,7.487,7.762,7.0,7.369,17777407.7
1740211200,7.368,7.466,7.029,7.18,11686769.4
1740240000,7.179,7.665,7.142,7.487,10279234.8
1740268800,7.487,7.684,7.08,7.233,10447148.7
1740297600,7.233,7.242,6.704,6.713,10172195.7
1740326400,6.714,6.925,6.682,6.902,4971871.6
1740355200,6.902,7.065,6.513,6.716,11934169.8
1740384000,6.716,7.083,6.648,6.802,11631616.1
1740412800,6.803,7.241,6.651,6.787,12374713.1
1740441600,6.787,7.04,6.015,6.181,15945110.9
1740470400,6.183,6.49,6.1,6.423,11737429.1
1740499200,6.424,7.0,6.301,6.776,7901944.6
1740528000,6.776,7.229,6.663,6.924,9166088.6
1740556800,6.923,8.008,6.858,7.777,22724028.1
1740585600,7.776,7.918,7.217,7.396,14685569.0
1740614400,7.397,7.839,7.203,7.76,11349748.2
1740643200,7.759,7.961,7.356,7.523,11292330.8
1740672000,7.522,8.292,7.388,8.099,10708420.6
1740700800,8.1,8.307,7.206,7.296,24605812.6
1740729600,7.295,8.278,7.22,8.19,13979968.6
1740758400,8.19,8.781,8.072,8.673,12754318.5
1740787200,8.673,8.944,8.336,8.425,12165124.4
1740816000,8.424,8.504,8.111,8.25,6923525.4
1740844800,8.249,8.286,8.106,8.264,4640900.3
1740873600,8.264,8.762,8.062,8.368,9398363.7
1740902400,8.368,9.175,8.217,8.509,18719591.0
1740931200,8.51,8.908,8.368,8.535,10238545.4
1740960000,8.535,8.589,7.722,7.927,9495788.7
1740988800,7.926,7.943,7.411,7.514,8150665.7
1741017600,7.514,7.594,6.795,6.809,8598003.6
1741046400,6.809,6.887,6.244,6.266,9766094.8
1741075200,6.265,6.535,6.098,6.287,14701398.5
1741104000,6.287,6.763,6.0,6.612,8675186.0
1741132800,6.612,7.165,6.444,6.921,9891540.2
1741161600,6.921,7.186,6.506,6.549,9409197.0
1741190400,6.55,7.027,6.45,6.924,5722511.0
1741219200,6.923,7.178,6.718,6.746,9333175.4
1741248000,6.746,6.929,6.671,6.86,5483604.3
1741276800,6.859,7.101,6.724,6.765,6391244.3
1741305600,6.766,6.842,6.49,6.674,9696121.4
1741334400,6.674,6.8,6.586,6.671,4939744.7
1741363200,6.67,6.889,6.522,6.621,5348390.9
1741392000,6.62,6.773,6.482,6.587,3154224.3
1741420800,6.587,6.854,6.552,6.787,4468757.7
1741449600,6.786,6.901,6.672,6.76,2991261.3
1741478400,6.76,6.798,6.504,6.52,3166814.8
1741507200,6.52,6.52,6.007,6.056,6556652.9
1741536000,6.055,6.117,5.766,5.775,6358934.5
1741564800,5.776,6.098,5.738,5.949,5842175.1
1741593600,5.949,6.196,5.804,5.849,6908921.6
1741622400,5.849,5.892,5.428,5.575,5419844.8
1741651200,5.575,5.77,5.249,5.686,5461290.9
1741680000,5.685,5.877,5.61,5.863,4593900.9
1741708800,5.863,6.072,5.825,5.869,3535001.9
1741737600,5.869,5.915,5.718,5.843,2451388.8
1741766400,5.844,6.129,5.796,5.924,4871207.2
1741795200,5.924,6.304,5.911,6.246,3608975.4
1741824000,6.247,6.304,6.007,6.106,3256181.4
1741852800,6.105,6.272,5.909,5.926,4365973.5
1741881600,5.926,5.959,5.775,5.906,3203634.3
1741910400,5.906,6.083,5.891,6.067,2004254.7
1741939200,6.067,6.228,6.018,6.145,2893584.6
1741968000,6.145,6.236,6.06,6.126,1961250.2
1741996800,6.126,6.306,6.119,6.145,2540094.3
1742025600,6.145,6.269,6.117,6.263,1537351.3
1742054400,6.263,6.5,6.182,6.468,2199364.0
1742083200,6.468,6.496,6.314,6.382,2388052.6
1742112000,6.382,6.464,6.263,6.329,3157719.0
1742140800,6.328,6.548,6.318,6.346,2895265.1
1742169600,6.346,7.073,6.346,6.646,13364501.8
1742198400,6.646,6.66,6.48,6.549,5986817.3
1742227200,6.548,6.702,6.49,6.607,3063142.5
1742256000,6.607,6.612,6.168,6.199,4150914.8
1742284800,6.199,6.239,5.829,5.84,4693877.5
1742313600,5.84,5.931,5.779,5.92,2114831.4
1742342400,5.92,6.024,5.827,5.964,2852688.4
1742371200,5.965,6.162,5.941,6.11,3511824.3
1742400000,6.111,6.18,5.95,6.15,2413127.7
1742428800,6.149,6.263,6.065,6.169,2549605.6
1742457600,6.169,6.244,6.053,6.084,2405107.2
1742486400,6.083,6.112,5.968,6.06,1605758.2
1742515200,6.059,6.61,6.034,6.392,7339091.4
1742544000,6.392,6.646,6.324,6.588,6436001.1
1742572800,6.588,6.778,6.527,6.711,4033908.8
1742601600,6.712,6.907,6.544,6.7,4997460.5
1742630400,6.701,6.81,6.631,6.68,2878862.9
1742659200,6.681,6.897,6.646,6.776,2777152.2
1742688000,6.777,6.779,6.591,6.701,2500089.1
1742716800,6.701,6.805,6.671,6.746,2015139.9
1742745600,6.747,6.827,6.655,6.743,2149951.7
1742774400,6.743,6.8,6.563,6.796,3209828.5
1742803200,6.796,7.777,6.774,7.681,10038609.7
1742832000,7.677,8.069,7.637,7.955,13478373.0
1742860800,7.955,8.048,7.492,7.547,7529630.5
1742889600,7.547,8.28,7.515,8.131,11747102.6
1742918400,8.131,8.222,7.915,8.047,6286913.9
1742947200,8.047,8.106,7.688,7.902,5083987.2
1742976000,7.901,8.055,7.563,7.577,4892893.4
1743004800,7.576,7.744,7.51,7.717,3581254.6
1743033600,7.718,8.267,7.654,8.077,6887893.0
1743062400,8.076,8.622,8.009,8.615,11060340.9
1743091200,8.615,8.733,8.394,8.566,9470430.4
1743120000,8.566,8.753,8.093,8.188,10393384.5
1743148800,8.188,8.57,8.109,8.383,8641531.0
1743177600,8.383,8.535,8.3,8.521,4116685.3
1743206400,8.52,8.97,7.752,7.784,14448388.8
1743235200,7.784,8.027,7.617,7.796,7745406.2
1743264000,7.796,7.873,7.347,7.403,4717099.2
1743292800,7.402,7.619,7.281,7.371,5514086.0
1743321600,7.371,7.653,7.302,7.326,4384548.7
1743350400,7.326,7.418,7.178,7.238,3441572.8
1743379200,7.239,7.254,6.748,6.796,8325109.8
1743408000,6.797,6.916,6.58,6.888,6655612.3
1743436800,6.888,7.067,6.762,6.867,3882020.5
1743465600,6.865,7.178,6.813,7.015,4047476.0
1743494400,7.015,7.627,6.99,7.555,7878301.2
1743523200,7.556,7.6,7.119,7.182,4002547.0
1743552000,7.18,7.206,6.784,6.971,3733117.6
1743580800,6.971,7.4,6.907,7.304,5844744.7
1743609600,7.305,7.35,6.448,6.518,5842365.4
1743638400,6.518,6.795,6.352,6.392,3928003.4
1743667200,6.391,6.434,5.93,6.021,5711971.4
1743696000,6.023,6.18,5.901,6.148,4059771.0
1743724800,6.147,6.216,5.589,5.763,7922264.7
1743753600,5.764,5.899,5.428,5.683,11561716.5
1743782400,5.683,5.911,5.641,5.821,4025543.1
1743811200,5.821,5.995,5.65,5.706,4053285.8
1743840000,5.706,5.893,5.5,5.555,4110038.5
1743868800,5.556,5.836,5.537,5.822,2843627.3
1743897600,5.822,5.903,5.693,5.697,3981726.9
1743926400,5.697,5.756,5.407,5.469,4109700.1
1743955200,5.468,5.468,4.602,4.694,11363261.0
1743984000,4.694,4.85,3.999,4.117,16711023.1
1744012800,4.116,4.786,4.109,4.33,22060026.4
1744041600,4.331,4.46,4.074,4.341,12077954.9
1744070400,4.34,4.447,3.845,3.964,15287352.2
1744099200,3.964,3.989,3.83,3.9,15197134.0
1744128000,3.899,3.899,3.574,3.608,13074807.1
1744156800,3.608,3.619,3.173,3.504,21966111.4
1744185600,3.503,3.594,3.353,3.405,17286083.9
1744214400,3.404,5.142,3.4,4.156,48356852.9
1744243200,4.155,4.171,3.778,3.95,16498668.2
1744272000,3.95,4.0,3.722,3.727,15880097.4
1744300800,3.728,4.054,3.71,3.867,11088666.2
1744329600,3.866,4.212,3.818,4.081,11834690.0
1744358400,4.08,4.212,3.981,4.047,10201464.1
1744387200,4.047,4.431,4.002,4.121,12734918.3
1744416000,4.12,4.356,4.074,4.198,9229907.6
1744444800,4.197,4.304,4.069,4.234,7203497.1
1744473600,4.235,4.375,4.202,4.232,5964805.6
1744502400,4.233,4.233,4.065,4.094,5198419.9
1744531200,4.093,4.149,3.996,4.016,5689636.4
1744560000,4.015,4.133,3.829,3.896,6643267.4
1744588800,3.895,4.081,3.865,3.976,5136221.4
1744617600,3.975,4.125,3.899,3.924,4638466.5
1744646400,3.924,4.061,3.899,3.998,3629705.8
1744675200,3.998,4.245,3.961,4.143,5176669.0
1744704000,4.143,4.143,3.936,4.007,5220750.2
1744732800,4.008,4.028,3.864,3.897,3218511.8
1744761600,3.897,3.911,3.713,3.735,5356332.8
1744790400,3.736,3.822,3.578,3.677,6595548.2
1744819200,3.677,3.795,3.582,3.659,5273384.0
1744848000,3.66,3.844,3.648,3.756,3767945.8
1744876800,3.757,3.798,3.614,3.686,3386778.5
1744905600,3.685,3.779,3.45,3.524,4510081.7
1744934400,3.524,3.561,3.386,3.458,4828163.4
1744963200,3.458,3.485,3.216,3.25,8848617.1
1744992000,3.252,3.364,3.241,3.29,4094254.8
1745020800,3.289,3.427,3.253,3.389,4703644.3
1745049600,3.389,3.44,3.343,3.356,3504729.4
1745078400,3.356,3.377,3.308,3.366,2491797.9
1745107200,3.366,3.489,3.315,3.38,4353133.0
1745136000,3.381,3.398,3.263,3.305,2956376.5
1745164800,3.304,3.417,3.274,3.315,2435903.5
1745193600,3.315,3.477,3.309,3.444,3891729.2
1745222400,3.444,3.587,3.441,3.535,5119400.7
1745251200,3.535,3.539,3.358,3.437,3395664.6
1745280000,3.438,3.526,3.361,3.442,5365215.5
1745308800,3.441,3.681,3.388,3.598,5442698.2
1745337600,3.599,3.699,3.55,3.668,4018112.1
1745366400,3.67,3.853,3.635,3.741,6126920.6
1745395200,3.741,3.742,3.524,3.6,5636748.4
1745424000,3.6,3.677,3.54,3.626,3785180.6
1745452800,3.626,3.647,3.377,3.393,4756868.1
1745481600,3.392,3.592,3.374,3.571,6066810.3
1745510400,3.57,3.616,3.493,3.606,2834649.5
1745539200,3.606,3.754,3.493,3.749,4292598.8
1745568000,3.748,3.829,3.641,3.736,4605279.2
1745596800,3.735,3.81,3.674,3.755,3094265.6
1745625600,3.755,3.884,3.694,3.757,3441893.4
1745654400,3.758,3.801,3.612,3.696,3070788.3
1745683200,3.697,3.754,3.659,3.754,1259252.2
1745712000,3.753,3.795,3.536,3.596,3482773.0
1745740800,3.596,3.65,3.548,3.575,2094821.0
1745769600,3.575,3.647,3.542,3.639,1532529.6
1745798400,3.639,3.645,3.386,3.634,5224065.0
1745827200,3.636,3.824,3.514,3.552,7154788.9
1745856000,3.551,3.68,3.509,3.677,1912396.9
1745884800,3.678,3.806,3.647,3.791,3336707.7
1745913600,3.792,3.845,3.72,3.762,3666205.8
1745942400,3.762,3.815,3.627,3.705,2384884.1
1745971200,3.704,3.729,3.589,3.601,1899119.2
1746000000,3.601,3.644,3.405,3.49,4422009.3
1746028800,3.49,3.549,3.434,3.547,2010800.6
1746057600,3.547,3.565,3.463,3.488,2034842.1
1746086400,3.487,3.605,3.47,3.511,3210043.2
1746115200,3.511,3.533,3.454,3.496,1829689.9
1746144000,3.496,3.549,3.402,3.407,1845283.9
1746172800,3.407,3.496,3.403,3.441,1989393.9
1746201600,3.441,3.475,3.337,3.401,2470614.0
1746230400,3.403,3.403,3.311,3.329,1984660.3
1746259200,3.328,3.35,3.263,3.282,2627529.7
1746288000,3.282,3.286,3.104,3.135,4721448.0
1746316800,3.134,3.179,2.948,2.977,5366154.7
1746345600,2.978,2.988,2.825,2.878,7412149.2
1746374400,2.877,2.912,2.804,2.898,4185219.6
1746403200,2.898,2.969,2.848,2.949,4077287.4
1746432000,2.949,2.974,2.844,2.859,4552584.2
1746460800,2.859,3.044,2.858,2.941,5592188.5
1746489600,2.942,3.076,2.925,2.941,6208391.0
1746518400,2.94,2.941,2.692,2.73,14567956.7
1746547200,2.73,2.923,2.685,2.904,8842965.3
1746576000,2.905,2.988,2.853,2.907,6086517.0
1746604800,2.907,3.028,2.882,2.905,6159218.8
1746633600,2.905,3.028,2.828,3.0,5325191.4
1746662400,3.001,3.335,3.001,3.296,15185438.5
1746691200,3.296,3.376,3.218,3.331,7835083.8
1746720000,3.331,3.711,3.326,3.563,10657602.5
1746748800,3.562,4.295,3.55,4.258,18907312.5
1746777600,4.258,4.304,3.786,3.861,15577544.1
1746806400,3.861,3.933,3.761,3.852,4078926.2
1746835200,3.853,4.469,3.853,4.144,20083560.3
1746864000,4.143,4.169,3.938,4.057,8255927.1
1746892800,4.057,4.468,4.052,4.388,9117291.7
1746921600,4.387,4.766,4.155,4.177,16441443.5
1746950400,4.177,4.415,4.15,4.188,6687068.2
1746979200,4.189,4.34,4.111,4.324,5597859.5
1747008000,4.325,4.506,4.172,4.339,7603606.4
1747036800,4.339,4.388,4.001,4.036,9961815.0
1747065600,4.035,4.103,3.808,3.994,6403096.2
1747094400,3.995,4.002,3.76,3.972,5614680.7
1747123200,3.971,4.053,3.903,4.024,4020572.0
1747152000,4.024,4.215,4.015,4.081,3513940.8
1747180800,4.082,4.149,3.961,3.966,3047248.4
1747209600,3.966,3.997,3.782,3.86,5436889.5
1747238400,3.861,3.871,3.764,3.826,2395737.2
1747267200,3.825,3.861,3.544,3.552,5311562.7
1747296000,3.551,3.662,3.402,3.567,5191763.5
1747324800,3.567,3.596,3.366,3.456,4043161.9
1747353600,3.456,3.561,3.445,3.52,3130486.3
1747382400,3.519,3.525,3.417,3.463,3579118.6
1747411200,3.463,3.488,3.191,3.248,7070860.0
1747440000,3.248,3.264,3.063,3.092,4335546.9
1747468800,3.092,3.124,3.038,3.097,3391372.3
1747497600,3.096,3.112,3.013,3.079,3256446.0
1747526400,3.078,3.199,3.064,3.187,2855364.9
1747555200,3.187,3.301,3.132,3.284,3823489.1
1747584000,3.285,3.309,3.034,3.245,5162612.7
1747612800,3.244,3.259,2.964,3.029,4775296.9
1747641600,3.029,3.09,2.928,3.079,5158372.5
1747670400,3.079,3.144,3.048,3.122,2651312.2
1747699200,3.123,3.196,3.095,3.107,2495368.2
1747728000,3.107,3.124,3.035,3.07,2308211.1
1747756800,3.07,3.155,3.031,3.13,2618640.3
1747785600,3.129,3.247,3.06,3.182,5918040.7
1747814400,3.183,3.267,3.145,3.22,4072213.3
1747843200,3.221,3.305,3.078,3.157,6217909.1
1747872000,3.158,3.26,3.108,3.257,5046519.0
1747900800,3.256,3.314,3.185,3.262,4727438.0
1747929600,3.263,3.285,3.2,3.281,2537707.1
1747958400,3.28,3.482,3.227,3.333,7502116.9
1747987200,3.333,3.459,3.04,3.178,9843932.4
1748016000,3.179,3.221,2.984,3.017,4094321.3
1748044800,3.016,3.106,2.992,3.067,3240360.6
1748073600,3.066,3.095,3.031,3.064,2498894.0
1748102400,3.064,3.092,2.985,3.019,2100655.7
1748131200,3.019,3.032,2.912,2.946,2977546.9
1748160000,2.946,2.949,2.795,2.854,4699959.2
1748188800,2.854,2.933,2.811,2.929,2861339.1
1748217600,2.929,2.977,2.907,2.966,2187612.0
1748246400,2.966,2.984,2.834,2.884,3395785.9
1748275200,2.883,2.902,2.796,2.823,3273506.6
1748304000,2.822,2.84,2.658,2.801,7606000.3
1748332800,2.802,2.916,2.797,2.83,5708575.1
1748361600,2.831,2.91,2.826,2.892,3378642.3
1748390400,2.892,2.915,2.831,2.838,4017602.2
1748419200,2.838,2.982,2.736,2.741,7539845.1
1748448000,2.74,2.889,2.724,2.878,4130368.7
1748476800,2.878,2.954,2.814,2.856,3785980.3
1748505600,2.857,2.876,2.763,2.8,3883999.4
1748534400,2.8,2.811,2.725,2.752,3154642.0
1748563200,2.752,2.763,2.511,2.567,8255213.8
1748592000,2.567,2.609,2.426,2.427,9571004.7
1748620800,2.428,2.448,2.226,2.253,9059466.2
1748649600,2.252,2.295,2.167,2.267,6460258.8
1748678400,2.267,2.28,2.178,2.246,5712979.1
1748707200,2.245,2.358,2.236,2.319,4459593.6
1748736000,2.319,2.325,2.253,2.283,3514944.6
1748764800,2.283,2.359,2.219,2.352,4330624.5
1748793600,2.352,2.572,2.342,2.497,15467538.2
1748822400,2.497,2.506,2.411,2.485,5523065.0
1748851200,2.485,2.501,2.373,2.421,6847171.8
1748880000,2.422,2.55,2.42,2.535,3942688.7
1748908800,2.535,2.589,2.474,2.56,4026851.9
1748937600,2.561,2.638,2.492,2.609,6023727.9
1748966400,2.609,2.615,2.534,2.569,2773149.5
1748995200,2.569,2.621,2.505,2.518,2639236.8
1749024000,2.518,2.555,2.449,2.52,3979165.5
1749052800,2.522,2.525,2.418,2.44,2576772.1
1749081600,2.439,2.477,2.404,2.43,3135499.6
1749110400,2.43,2.45,2.355,2.394,3526585.2
1749139200,2.394,2.396,2.186,2.232,6921850.5
1749168000,2.231,2.298,2.212,2.283,2341405.4
1749196800,2.284,2.384,2.282,2.353,2713139.4
1749225600,2.353,2.354,2.204,2.226,3089747.6
1749254400,2.226,2.421,2.218,2.367,4794668.7
1749283200,2.367,2.393,2.327,2.332,2133835.5
1749312000,2.333,2.355,2.3,2.334,2340505.9
1749340800,2.333,2.383,2.32,2.363,2503838.2
1749369600,2.363,2.404,2.333,2.361,2821516.6
1749398400,2.361,2.391,2.339,2.345,1825268.3
1749427200,2.345,2.376,2.307,2.353,2695806.8
1749456000,2.352,2.465,2.333,2.394,3354821.6
1749484800,2.395,2.533,2.395,2.53,2716163.7
1749513600,2.531,2.544,2.427,2.462,2507240.9
1749542400,2.462,2.576,2.436,2.504,3607940.3
1749571200,2.505,2.576,2.476,2.573,2338751.0
1749600000,2.573,2.575,2.475,2.489,2135230.2
1749628800,2.489,2.539,2.431,2.526,3655124.9
1749657600,2.526,2.531,2.347,2.384,2910291.6
1749686400,2.384,2.384,2.262,2.267,3270355.4
1749715200,2.268,2.293,2.216,2.225,3112428.8
1749744000,2.225,2.273,2.099,2.109,4332880.7
1749772800,2.109,2.111,1.917,2.006,9549689.7
1749801600,2.006,2.057,1.975,2.042,4931573.1
1749830400,2.042,2.092,2.019,2.088,2890614.0
1749859200,2.088,2.094,2.048,2.056,1750594.9
1749888000,2.055,2.072,1.999,2.012,2407325.7
1749916800,2.012,2.021,1.971,2.01,1863888.2
1749945600,2.01,2.029,1.973,1.981,1929953.4
1749974400,1.982,2.067,1.962,2.048,3898435.1
1750003200,2.048,2.066,1.989,2.054,3037715.7
1750032000,2.054,2.125,2.009,2.122,3040009.5
1750060800,2.121,2.144,2.082,2.114,2939803.1
1750089600,2.113,2.137,2.014,2.021,3037526.7
1750118400,2.02,2.092,1.965,2.018,4027246.1
1750147200,2.018,2.022,1.893,1.927,6029183.8
1750176000,1.926,1.981,1.894,1.929,4652983.4
1750204800,1.929,1.959,1.913,1.925,1964827.1
1750233600,1.926,1.94,1.784,1.84,7174061.4
1750262400,1.84,1.927,1.821,1.925,4066047.2
1750291200,1.926,1.951,1.858,1.859,2519236.1
1750320000,1.86,1.886,1.835,1.839,2263965.0
1750348800,1.838,1.904,1.816,1.878,3934115.3
1750377600,1.878,1.897,1.836,1.895,2029489.3
1750406400,1.895,1.906,1.798,1.811,3537499.7
1750435200,1.812,1.84,1.748,1.782,5464309.5
1750464000,1.783,1.806,1.773,1.8,1350479.9
1750492800,1.799,1.809,1.713,1.733,3298811.5
1750521600,1.734,1.743,1.596,1.674,5783600.5
1750550400,1.674,1.697,1.609,1.63,4138885.1
1750579200,1.631,1.64,1.511,1.531,9199309.4
1750608000,1.53,1.597,1.499,1.583,5322152.2
1750636800,1.583,1.654,1.578,1.646,3570645.6
1750665600,1.645,1.678,1.611,1.629,4575525.0
1750694400,1.63,1.773,1.587,1.763,6123343.9
1750723200,1.763,1.815,1.746,1.767,3652152.2
1750752000,1.768,1.777,1.734,1.741,3710679.0
1750780800,1.742,1.776,1.687,1.718,3854573.1
1750809600,1.719,1.721,1.653,1.678,2804503.1
1750838400,1.678,1.783,1.644,1.725,8536021.9
1750867200,1.726,1.744,1.663,1.672,2948845.1
1750896000,1.672,1.774,1.661,1.741,5703350.4
1750924800,1.74,1.78,1.634,1.659,7677219.0
1750953600,1.659,1.707,1.63,1.663,4218483.4
1750982400,1.663,1.678,1.619,1.625,4607923.5
1751011200,1.625,1.657,1.61,1.65,4338892.2
1751040000,1.651,1.675,1.599,1.646,3237618.9
1751068800,1.646,1.648,1.603,1.648,2720044.9
1751097600,1.648,1.659,1.614,1.656,2547210.7
1751126400,1.656,1.738,1.648,1.726,4397040.2
1751155200,1.727,1.734,1.679,1.734,2892558.4
1751184000,1.733,1.741,1.693,1.699,3453456.3
1751212800,1.699,1.848,1.694,1.818,5096744.9
1751241600,1.819,1.848,1.777,1.818,5753706.9
1751270400,1.819,1.899,1.746,1.778,12363837.5
1751299200,1.78,1.822,1.753,1.758,4598442.4
1751328000,1.759,1.772,1.687,1.711,3321157.8
1751356800,1.71,1.711,1.661,1.69,4275739.6
1751385600,1.69,1.706,1.595,1.612,4250453.5
1751414400,1.612,1.655,1.581,1.646,3397408.7
1751443200,1.646,1.724,1.646,1.716,4259392.0
1751472000,1.717,1.797,1.713,1.755,3917750.1
1751500800,1.754,1.808,1.743,1.805,3060420.9
1751529600,1.805,1.809,1.702,1.705,5448514.7
1751558400,1.704,1.749,1.702,1.732,1945690.1
1751587200,1.731,1.755,1.657,1.666,3014310.5
1751616000,1.665,1.686,1.64,1.658,2846900.0
1751644800,1.657,1.661,1.622,1.646,2273694.0
1751673600,1.646,1.696,1.632,1.673,3883247.0
1751702400,1.673,1.679,1.633,1.638,1735085.3
1751731200,1.638,1.655,1.607,1.642,1851496.4
1751760000,1.641,1.655,1.632,1.639,1312004.5
1751788800,1.64,1.682,1.624,1.676,2072078.9
1751817600,1.677,1.713,1.663,1.676,1595385.0
1751846400,1.676,1.701,1.66,1.693,1646611.4
1751875200,1.692,1.708,1.651,1.666,2497246.3
1751904000,1.666,1.671,1.628,1.659,2006004.1
1751932800,1.66,1.676,1.611,1.645,2394609.1
1751961600,1.645,1.694,1.629,1.664,3455437.4
1751990400,1.665,1.709,1.65,1.694,3378246.7
1752019200,1.693,1.702,1.666,1.696,2560152.7
1752048000,1.696,1.72,1.671,1.691,3365467.2
1752076800,1.692,1.809,1.685,1.793,4461434.3
1752105600,1.793,1.849,1.767,1.82,3422843.6
1752134400,1.819,1.87,1.8,1.812,4720501.3
1752163200,1.811,1.931,1.797,1.913,4588585.2
1752192000,1.913,2.134,1.913,2.033,13414478.8
1752220800,2.033,2.126,2.016,2.051,10571066.5
1752249600,2.051,2.113,1.988,2.07,6600807.4
1752278400,2.069,2.071,1.955,2.012,4421449.4
1752307200,2.012,2.033,1.877,1.906,5778534.0
1752336000,1.907,1.999,1.899,1.993,3228802.8
1752364800,1.993,2.051,1.977,1.996,3572111.8
1752393600,1.996,2.023,1.978,2.001,2401650.5
1752422400,2.001,2.018,1.958,1.988,2631307.0
1752451200,1.988,2.077,1.961,2.073,6135469.1
1752480000,2.073,2.083,1.998,2.07,10422870.9
1752508800,2.07,2.292,2.046,2.137,23119957.9
1752537600,2.137,2.137,2.001,2.011,9389710.4
1752566400,2.011,2.098,1.981,2.094,10520749.0
1752595200,2.094,2.322,2.092,2.22,18868559.1
1752624000,2.219,2.454,2.185,2.434,18178955.8
1752652800,2.432,2.546,2.341,2.492,34621174.7
1752681600,2.492,2.526,2.312,2.35,12281024.8
1752710400,2.35,2.383,2.242,2.344,9948700.3
1752739200,2.344,2.478,2.308,2.334,13360099.7
1752768000,2.333,2.357,2.237,2.31,7410957.0
1752796800,2.311,2.45,2.31,2.359,9444326.3
1752825600,2.358,2.412,2.226,2.257,9320270.4
1752854400,2.256,2.333,2.234,2.266,6388577.1
1752883200,2.265,2.28,2.186,2.224,4123233.0
1752912000,2.223,2.238,2.181,2.217,3549486.8
1752940800,2.216,2.251,2.191,2.246,2438464.7
1752969600,2.247,2.268,2.215,2.242,2906802.1
1752998400,2.243,2.352,2.231,2.35,5074123.3
1753027200,2.351,2.392,2.238,2.304,7034350.6
1753056000,2.305,2.386,2.262,2.377,4008202.2
1753084800,2.377,2.508,2.371,2.441,10683131.6
1753113600,2.442,2.461,2.349,2.428,5125249.3
1753142400,2.426,2.519,2.334,2.469,13874782.7
1753171200,2.468,2.474,2.338,2.397,11274599.3
1753200000,2.396,2.461,2.327,2.446,5991586.7
1753228800,2.445,2.537,2.375,2.519,7279153.5
1753257600,2.519,2.608,2.41,2.602,16744936.6
1753286400,2.601,2.634,2.25,2.349,18016786.0
1753315200,2.35,2.488,2.138,2.243,14496725.3
1753344000,2.242,2.304,2.176,2.221,7377770.7
1753372800,2.221,2.246,2.154,2.202,5316257.6
1753401600,2.201,2.201,2.081,2.149,6153301.5
1753430400,2.148,2.252,2.092,2.127,7711326.7
1753459200,2.126,2.236,2.118,2.218,3570265.2
1753488000,2.219,2.263,2.188,2.202,3346952.0
1753516800,2.202,2.261,2.182,2.213,5176250.4
1753545600,2.213,2.229,2.197,2.204,2249684.0
1753574400,2.204,2.225,2.198,2.205,2160055.8
1753603200,2.204,2.278,2.198,2.237,4307648.5
1753632000,2.237,2.365,2.236,2.278,6561462.3
1753660800,2.278,2.341,2.258,2.306,4350059.7
1753689600,2.306,2.311,2.15,2.168,4530871.9
1753718400,2.168,2.191,2.076,2.103,5128120.2
1753747200,2.103,2.133,2.046,2.127,4061753.7
1753776000,2.127,2.134,1.997,2.018,4843614.8
1753804800,2.019,2.04,1.973,2.012,3871624.1
1753833600,2.013,2.019,1.96,1.969,2845846.1
1753862400,1.969,1.987,1.901,1.956,4070667.4
1753891200,1.956,1.992,1.87,1.976,4874666.0
1753920000,1.976,2.039,1.968,2.037,2370001.5
1753948800,2.036,2.062,1.951,1.975,3179735.1
1753977600,1.975,2.019,1.852,1.858,3555903.1
1754006400,1.857,1.877,1.794,1.837,4777363.8
1754035200,1.837,1.862,1.788,1.849,4471188.3
1754064000,1.849,1.866,1.702,1.776,5071012.3
1754092800,1.777,1.805,1.736,1.786,1953391.2
1754121600,1.785,1.787,1.72,1.728,2230693.7
1754150400,1.728,1.749,1.686,1.723,2682808.9
1754179200,1.722,1.781,1.695,1.774,1909069.4
1754208000,1.773,1.804,1.765,1.8,1776495.9
1754236800,1.8,1.82,1.794,1.807,1463490.7
1754265600,1.807,1.852,1.804,1.846,1675005.2
1754294400,1.846,1.876,1.813,1.849,2590518.2
1754323200,1.849,1.897,1.841,1.894,2095507.8
1754352000,1.894,1.896,1.809,1.816,2010966.6
1754380800,1.816,1.876,1.791,1.8,2844607.1
1754409600,1.799,1.812,1.759,1.803,2119664.7
1754438400,1.803,1.815,1.751,1.811,2422618.5
1754467200,1.812,1.822,1.762,1.82,2661190.9
1754496000,1.819,1.831,1.799,1.818,1789633.4
1754524800,1.819,1.845,1.809,1.837,1814260.6
1754553600,1.837,1.91,1.827,1.904,3425141.0
1754582400,1.903,1.955,1.864,1.952,2689711.9
1754611200,1.951,1.955,1.909,1.929,4744428.2
1754640000,1.93,2.014,1.911,1.985,6061399.0
1754668800,1.985,2.046,1.977,2.025,2607211.1
1754697600,2.024,2.071,2.009,2.068,2534940.4
1754726400,2.067,2.137,2.062,2.106,3711690.3
1754755200,2.106,2.129,2.087,2.099,2177102.7
1754784000,2.099,2.133,2.034,2.038,4546477.7
1754812800,2.039,2.059,2.012,2.047,2425685.3
1754841600,2.046,2.106,2.042,2.085,2175254.8
1754870400,2.084,2.127,2.056,2.061,2634099.5
1754899200,2.06,2.083,1.953,2.013,5003915.6
1754928000,2.012,2.039,1.924,1.949,2884292.6
1754956800,1.95,1.983,1.918,1.946,1493502.3
1754985600,1.946,2.022,1.887,2.019,3485190.9
1755014400,2.02,2.063,2.008,2.038,2566432.3
1755043200,2.037,2.09,2.004,2.048,3027665.7
1755072000,2.047,2.127,2.039,2.073,3952807.6
1755100800,2.073,2.128,2.055,2.113,2404435.7
1755129600,2.113,2.188,2.101,2.133,6162307.1
1755158400,2.132,2.396,2.066,2.178,53590093.2
1755187200,2.178,2.3,2.114,2.203,35277592.5
1755216000,2.203,2.24,2.111,2.139,14606087.3
1755244800,2.139,2.193,1.987,2.005,15926466.5
1755273600,2.004,2.232,1.976,2.16,15935946.2
1755302400,2.159,2.226,2.125,2.19,7390909.6
1755331200,2.191,2.315,2.161,2.257,11997892.4
1755360000,2.257,2.42,2.233,2.374,10215144.6
1755388800,2.374,2.457,2.297,2.392,12137983.4
1755417600,2.393,2.414,2.313,2.367,7595751.6
1755446400,2.367,2.417,2.364,2.379,5979070.1
1755475200,2.379,2.444,2.248,2.275,12566065.7
1755504000,2.276,2.289,2.198,2.243,6355678.3
1755532800,2.243,2.303,2.223,2.226,4661126.3
1755561600,2.225,2.381,2.188,2.19,12048786.0
1755590400,2.19,2.3,2.174,2.177,7370798.6
1755619200,2.178,2.239,2.126,2.137,6340623.2
1755648000,2.137,2.199,2.136,2.163,4829384.9
1755676800,2.164,2.246,2.112,2.235,6382028.0
1755705600,2.236,2.44,2.22,2.38,7608779.9
1755734400,2.38,2.442,2.285,2.31,7181588.5
1755763200,2.311,2.338,2.27,2.29,4951239.9
1755792000,2.29,2.3,2.165,2.205,6297648.8
1755820800,2.205,2.225,2.144,2.183,4164062.0
1755849600,2.183,2.395,2.122,2.356,11054533.6
1755878400,2.357,2.472,2.357,2.44,6035300.5
1755907200,2.44,2.794,2.352,2.746,22963645.6
1755936000,2.747,2.748,2.551,2.556,16564511.4
1755964800,2.556,2.6,2.553,2.575,4308009.3
1755993600,2.576,2.67,2.507,2.511,14126561.2
1756022400,2.512,2.575,2.462,2.515,7164205.1
1756051200,2.515,2.578,2.44,2.478,8581634.2
1756080000,2.476,2.514,2.294,2.305,7598783.0
1756108800,2.305,2.354,2.255,2.343,6645057.9
1756137600,2.343,2.405,2.214,2.242,7112572.7
1756166400,2.242,2.436,2.226,2.399,11172701.0
1756195200,2.398,2.676,2.377,2.513,59299434.4
1756224000,2.513,2.688,2.481,2.578,16149102.3
1756252800,2.577,2.892,2.52,2.538,42456560.5
1756281600,2.538,2.614,2.491,2.534,16748936.6
1756310400,2.534,2.628,2.517,2.625,9112024.7
1756339200,2.625,2.63,2.519,2.551,11203920.9
1756368000,2.55,2.926,2.55,2.738,32825629.3
1756396800,2.738,2.847,2.701,2.821,9020260.5
1756425600,2.821,2.846,2.662,2.712,12507037.1
1756454400,2.712,2.768,2.617,2.632,14977276.7
1756483200,2.633,2.671,2.615,2.654,4645252.4
1756512000,2.654,2.802,2.584,2.682,10009547.4
1756540800,2.682,2.712,2.642,2.704,4600138.6
1756569600,2.703,2.707,2.633,2.669,3538058.8
1756598400,2.67,2.746,2.612,2.616,5118568.4
1756627200,2.615,2.632,2.569,2.586,4118810.4
1756656000,2.586,2.623,2.57,2.579,2830704.9
1756684800,2.578,2.644,2.41,2.498,13424841.6
1756713600,2.498,2.523,2.402,2.406,5287210.4
1756742400,2.407,2.408,2.323,2.337,7598559.5
1756771200,2.337,2.359,2.243,2.3,9949280.3
1756800000,2.299,2.341,2.247,2.274,7262318.7
1756828800,2.274,2.327,2.248,2.327,4352930.5
1756857600,2.326,2.378,2.283,2.301,6913436.4
1756886400,2.301,2.365,2.28,2.351,3984679.8
1756915200,2.351,2.373,2.325,2.348,2962181.3
1756944000,2.347,2.347,2.189,2.208,6484787.2
1756972800,2.207,2.219,2.143,2.145,4657727.6
1757001600,2.145,2.243,2.142,2.234,5486080.6
1757030400,2.234,2.336,2.214,2.319,5530169.6
1757059200,2.319,2.353,2.25,2.256,7401704.4
1757088000,2.255,2.285,2.238,2.242,3015790.2
1757116800,2.242,2.343,2.226,2.299,4835544.8
1757145600,2.3,2.332,2.278,2.281,2962328.9
1757174400,2.281,2.301,2.261,2.284,2234266.3
1757203200,2.284,2.324,2.279,2.311,3300547.9
1757232000,2.312,2.326,2.271,2.287,2349997.6
1757260800,2.287,2.298,2.254,2.278,2224388.0
1757289600,2.278,2.297,2.226,2.285,3708569.9
1757318400,2.285,2.334,2.254,2.325,6223792.9
1757347200,2.325,2.369,2.315,2.342,3639012.5
1757376000,2.343,2.422,2.324,2.41,5854353.6
1757404800,2.409,2.436,2.308,2.322,6777849.3
1757433600,2.322,2.342,2.296,2.332,2214372.3
1757462400,2.332,2.397,2.303,2.38,3683044.0
1757491200,2.38,2.423,2.341,2.378,4235769.5
1757520000,2.378,2.418,2.349,2.401,2872129.1
1757548800,2.402,2.412,2.363,2.377,2229565.2
1757577600,2.376,2.38,2.241,2.245,6839649.5
1757606400,2.245,2.298,2.232,2.297,3273656.7
1757635200,2.296,2.348,2.277,2.32,3798633.6
1757664000,2.32,2.321,2.265,2.312,2936995.5
1757692800,2.311,2.44,2.311,2.435,5485057.1
1757721600,2.435,2.489,2.414,2.43,3842556.8
1757750400,2.43,2.483,2.404,2.461,3884529.0
1757779200,2.461,2.479,2.413,2.459,2924671.4
1757808000,2.459,2.465,2.419,2.454,2551717.8
1757836800,2.454,2.531,2.423,2.44,7423271.9
1757865600,2.439,2.467,2.391,2.394,3229573.7
1757894400,2.393,2.445,2.346,2.354,4334470.1
1757923200,2.353,2.353,2.271,2.277,5225262.4
1757952000,2.276,2.304,2.237,2.3,4286720.4
1757980800,2.299,2.299,2.242,2.275,3689529.9
1758009600,2.274,2.297,2.248,2.296,3198388.2
1758038400,2.296,2.34,2.285,2.32,2268566.0
1758067200,2.32,2.358,2.29,2.315,1908068.3
1758096000,2.316,2.317,2.254,2.258,1889128.7
1758124800,2.257,2.408,2.236,2.399,5799445.3
1758153600,2.399,2.442,2.362,2.432,3366371.3
1758182400,2.432,2.528,2.43,2.519,3905099.8
1758211200,2.519,2.699,2.519,2.654,11400943.3
1758240000,2.654,2.778,2.583,2.669,13212205.8
1758268800,2.669,2.685,2.55,2.565,6547840.5
1758297600,2.565,2.603,2.5,2.526,3559007.2
1758326400,2.525,2.597,2.498,2.585,5122549.1
1758355200,2.585,2.673,2.541,2.665,3322554.8
1758384000,2.665,2.695,2.569,2.574,2420957.7
1758412800,2.574,2.687,2.565,2.673,4417157.4
1758441600,2.674,2.735,2.593,2.64,11377864.0
1758470400,2.641,2.688,2.576,2.666,4844417.1
1758499200,2.666,2.686,2.37,2.477,13366756.4
1758528000,2.478,2.536,2.437,2.442,7036866.6
1758556800,2.442,2.472,2.361,2.435,5183984.3
1758585600,2.435,2.578,2.358,2.545,7742553.1
1758614400,2.545,2.597,2.475,2.544,5853827.8
1758643200,2.544,2.647,2.514,2.525,5236575.8
1758672000,2.525,2.654,2.499,2.611,7167366.2
1758700800,2.612,2.81,2.572,2.714,11312689.7
1758729600,2.715,2.751,2.685,2.73,4520534.3
1758758400,2.731,2.758,2.483,2.572,16216421.7
1758787200,2.572,2.642,2.52,2.593,10353916.5
1758816000,2.593,2.612,2.426,2.434,8417028.1
1758844800,2.434,2.542,2.41,2.435,6688314.5
1758873600,2.435,2.534,2.365,2.53,8115042.0
1758902400,2.529,2.677,2.524,2.661,5724805.6
1758931200,2.66,2.751,2.637,2.646,6919470.8
1758960000,2.647,2.665,2.601,2.646,4239431.6
1758988800,2.646,2.677,2.609,2.664,3167969.4
1759017600,2.665,2.686,2.562,2.583,3424157.4
1759046400,2.582,2.659,2.54,2.651,3220340.7
1759075200,2.652,2.928,2.651,2.865,17420253.7
1759104000,2.866,2.974,2.824,2.886,9837763.5
1759132800,2.886,2.924,2.748,2.797,9237112.8
1759161600,2.798,2.829,2.755,2.77,4000563.6
1759190400,2.769,2.803,2.696,2.712,4814196.9
1759219200,2.712,2.748,2.626,2.629,5507318.0
1759248000,2.628,2.718,2.616,2.68,4502390.0
1759276800,2.679,2.833,2.678,2.776,9546105.9
1759305600,2.776,2.911,2.75,2.866,5840777.8
1759334400,2.866,2.904,2.844,2.863,3428735.4
1759363200,2.862,2.889,2.788,2.814,4672725.3
1759392000,2.815,2.904,2.789,2.818,6472120.0
1759420800,2.817,2.842,2.782,2.809,3366197.4
1759449600,2.808,2.81,2.725,2.753,3389713.7
1759478400,2.754,2.806,2.733,2.779,3321449.9
1759507200,2.779,3.066,2.774,3.026,12244527.6
1759536000,3.027,3.051,2.919,2.929,4098730.3
1759564800,2.929,2.983,2.83,2.835,5307644.9
1759593600,2.835,2.853,2.803,2.83,3363291.7
1759622400,2.829,2.906,2.793,2.876,4437490.2
1759651200,2.876,2.885,2.8,2.831,3626627.0
1759680000,2.832,2.852,2.767,2.788,2572362.8
1759708800,2.789,2.817,2.691,2.722,4687764.4
1759737600,2.723,2.815,2.707,2.793,4868473.2
1759766400,2.793,2.956,2.777,2.865,5163686.6
1759795200,2.866,2.878,2.738,2.751,4030508.0
1759824000,2.752,2.795,2.635,2.645,7605745.6
1759852800,2.645,2.685,2.568,2.572,5247524.6
1759881600,2.573,2.643,2.54,2.635,4434670.0
1759910400,2.636,2.765,2.636,2.733,5683254.1
1759939200,2.733,2.866,2.729,2.781,5673734.9
1759968000,2.782,2.843,2.713,2.803,5257421.5
1759996800,2.803,2.805,2.634,2.655,7361045.9
1760025600,2.654,2.743,2.65,2.736,3866194.7
1760054400,2.735,2.781,2.685,2.711,3488398.6
1760083200,2.711,2.865,2.704,2.748,8574603.0
1760112000,2.749,2.863,0.816,1.811,40529423.0
1760140800,1.812,1.887,1.694,1.775,14787864.2
1760169600,1.775,1.87,1.743,1.807,10664246.5
1760198400,1.807,1.824,1.643,1.772,10053946.4
1760227200,1.772,1.897,1.752,1.893,6259688.0
1760256000,1.892,2.023,1.857,1.999,12725263.9
1760284800,1.999,2.152,1.999,2.123,7303238.7
1760313600,2.122,2.265,2.094,2.261,7861242.7
1760342400,2.262,2.377,2.213,2.275,11831050.5
1760371200,2.275,2.336,2.191,2.201,10775316.0
1760400000,2.201,2.232,1.937,1.966,13768667.1
1760428800,1.966,1.998,1.904,1.989,13667168.1
1760457600,1.99,2.024,1.916,1.963,10346279.2
1760486400,1.962,1.969,1.909,1.95,4962706.7
1760515200,1.949,1.987,1.817,1.839,10349560.9
1760544000,1.839,1.858,1.791,1.812,5893511.4
1760572800,1.811,1.889,1.803,1.857,4949941.7
1760601600,1.857,1.936,1.779,1.821,9791417.3
1760630400,1.82,1.874,1.78,1.817,6041687.4
1760659200,1.816,1.846,1.656,1.665,7701592.6
1760688000,1.665,1.739,1.627,1.735,9258434.1
1760716800,1.735,1.856,1.716,1.784,10452750.2
1760745600,1.785,1.833,1.783,1.809,4389775.6
1760774400,1.809,1.839,1.777,1.791,3838750.6
1760803200,1.791,1.821,1.766,1.808,2847576.8
1760832000,1.808,1.809,1.776,1.797,2369104.6
1760860800,1.796,1.874,1.773,1.859,5457337.7
1760889600,1.86,1.925,1.841,1.91,4192374.0
1760918400,1.909,2.047,1.85,2.014,9119945.8
1760947200,2.013,2.199,1.948,1.999,25042383.9
1760976000,1.999,2.012,1.954,1.99,6126781.5
1761004800,1.99,1.994,1.856,1.918,7596131.2
1761033600,1.917,2.101,1.876,2.044,9080343.0
1761062400,2.044,2.063,1.902,1.916,6766613.6
1761091200,1.916,1.974,1.887,1.957,5189429.2
1761120000,1.958,2.024,1.942,1.979,9108468.8
1761148800,1.979,1.998,1.877,1.957,7099919.7
1761177600,1.958,2.032,1.937,2.016,5734400.0
1761206400,2.017,2.044,1.98,2.013,6440332.5
1761235200,2.014,2.068,1.996,2.01,4525031.2
1761264000,2.01,2.022,1.959,1.969,5518033.0
1761292800,1.97,1.983,1.904,1.917,6347524.0
1761321600,1.917,1.933,1.885,1.917,4879222.0
1761350400,1.916,1.922,1.862,1.868,3720922.5
1761379200,1.869,1.88,1.834,1.859,3837471.5
1761408000,1.858,1.93,1.855,1.879,3284997.7
1761436800,1.879,1.905,1.853,1.897,2405235.2
1761465600,1.897,1.919,1.886,1.905,3197323.1
1761494400,1.904,1.923,1.862,1.905,3152056.5
1761523200,1.905,1.917,1.87,1.894,3756201.9
1761552000,1.893,1.894,1.769,1.827,7130591.0
1761580800,1.828,1.849,1.724,1.734,4623561.2
1761609600,1.735,1.748,1.685,1.691,4918480.3
1761638400,1.691,1.854,1.688,1.835,10036775.8
1761667200,1.835,1.866,1.757,1.775,6906404.2
1761696000,1.775,1.87,1.773,1.837,9146740.5
1761724800,1.836,1.876,1.805,1.871,6806984.5
1761753600,1.871,1.896,1.78,1.809,10080062.7
1761782400,1.809,1.85,1.758,1.815,6311532.2
1761811200,1.816,1.839,1.723,1.723,7861040.3
1761840000,1.724,1.779,1.715,1.773,6174283.2
1761868800,1.773,1.843,1.772,1.794,4748636.8
1761897600,1.793,1.822,1.778,1.785,3362592.0
1761926400,1.785,1.815,1.74,1.808,3305131.6
1761955200,1.807,1.84,1.793,1.831,1811178.5
1761984000,1.831,1.849,1.803,1.822,2172355.8
1762012800,1.822,1.845,1.817,1.841,1918527.0
1762041600,1.841,1.841,1.806,1.829,1996269.0
1762070400,1.829,1.86,1.79,1.793,2801709.0
1762099200,1.794,1.829,1.774,1.822,1642132.6
1762128000,1.822,1.828,1.704,1.728,5128392.6
1762156800,1.728,1.758,1.501,1.574,15716384.4
1762185600,1.573,1.652,1.558,1.579,8524435.3
1762214400,1.58,1.676,1.563,1.575,8219577.1
1762243200,1.575,1.631,1.531,1.581,7931634.1
1762272000,1.581,1.608,1.45,1.565,16716145.0
1762300800,1.564,1.579,1.476,1.55,7264060.8
1762329600,1.55,1.577,1.514,1.537,6013254.9
1762358400,1.537,1.564,1.502,1.517,5703199.0
1762387200,1.516,1.527,1.475,1.493,4596405.6
1762416000,1.492,1.502,1.385,1.419,8997601.7
1762444800,1.419,1.463,1.383,1.457,8546449.1
1762473600,1.456,1.545,1.44,1.539,5982096.9
1762502400,1.539,1.576,1.487,1.56,5921870.8
1762531200,1.561,1.654,1.547,1.6,6254198.1
1762560000,1.6,1.635,1.577,1.593,3197355.7
1762588800,1.592,1.664,1.572,1.591,3960659.4
1762617600,1.59,1.629,1.565,1.623,2373943.6
1762646400,1.622,1.629,1.555,1.604,2451011.4
1762675200,1.604,1.654,1.569,1.647,2584715.3
1762704000,1.647,1.703,1.645,1.66,2381806.7
1762732800,1.659,1.796,1.649,1.79,5837830.7
1762761600,1.789,1.826,1.724,1.738,5950001.4
1762790400,1.738,1.749,1.682,1.687,3752382.8
1762819200,1.688,1.716,1.642,1.644,2881096.0
1762848000,1.645,1.653,1.605,1.62,3243575.6
1762876800,1.619,1.67,1.557,1.558,3681321.6
1762905600,1.559,1.586,1.539,1.562,2500340.2
1762934400,1.562,1.615,1.557,1.577,3185187.0
1762963200,1.576,1.622,1.54,1.573,3782674.3
1762992000,1.573,1.67,1.56,1.607,3165685.7
1763020800,1.607,1.612,1.562,1.57,2032359.3
1763049600,1.569,1.571,1.441,1.483,4509524.9
1763078400,1.484,1.49,1.411,1.459,3137779.9
1763107200,1.459,1.482,1.396,1.453,3376507.8
1763136000,1.453,1.455,1.354,1.395,3679856.2
1763164800,1.395,1.466,1.393,1.44,1865879.3
1763193600,1.44,1.445,1.416,1.422,1438920.6
1763222400,1.422,1.433,1.392,1.407,1916274.4
1763251200,1.408,1.428,1.392,1.422,1359293.7
1763280000,1.421,1.428,1.353,1.355,1928740.7
1763308800,1.356,1.37,1.304,1.343,4866403.1
1763337600,1.342,1.365,1.328,1.349,2339798.5
1763366400,1.35,1.393,1.327,1.334,3271637.4
1763395200,1.334,1.358,1.273,1.299,4288566.7
1763424000,1.299,1.311,1.25,1.297,3380441.4
1763452800,1.298,1.314,1.258,1.296,3082260.6
1763481600,1.296,1.322,1.29,1.306,2200492.7
1763510400,1.306,1.314,1.241,1.281,2686745.7
1763539200,1.281,1.286,1.232,1.234,1802230.9
1763568000,1.234,1.244,1.173,1.219,5460768.2
1763596800,1.219,1.234,1.191,1.203,4045598.8
1763625600,1.203,1.205,1.135,1.137,6096526.5
1763654400,1.137,1.141,1.068,1.096,7312168.4
1763683200,1.096,1.116,0.965,1.049,5640135.9
1763712000,1.049,1.068,0.993,0.999,8136873.3
1763740800,0.999,1.044,0.988,1.025,5345763.4
1763769600,1.024,1.043,0.998,1.009,3429060.5
1763798400,1.008,1.024,0.973,1.015,3791540.5
1763827200,1.015,1.026,0.996,1.005,1781811.6
1763856000,1.005,1.044,0.993,1.042,1874663.2
1763884800,1.041,1.057,1.012,1.029,3279757.7
1763913600,1.029,1.033,0.993,0.996,2382237.1
1763942400,0.995,1.048,0.99,1.027,4239975.2
1763971200,1.026,1.038,0.996,1.03,3762955.6
1764000000,1.029,1.075,1.024,1.054,5372534.5
1764028800,1.054,1.078,1.027,1.028,2812498.5
1764057600,1.029,1.076,1.018,1.058,3055893.3
1764086400,1.058,1.069,1.03,1.057,2484814.3
1764115200,1.057,1.059,1.033,1.047,1762530.3
1764144000,1.048,1.049,0.996,1.006,2590397.8
1764172800,1.006,1.049,1.004,1.032,2996704.0
1764201600,1.032,1.063,1.021,1.033,3201935.9
1764230400,1.032,1.035,1.008,1.012,2376054.4
1764259200,1.013,1.033,0.998,1.003,2628961.7
1764288000,1.004,1.011,0.932,0.949,5982928.5
1764316800,0.948,0.966,0.94,0.949,5227593.0
1764345600,0.95,0.95,0.885,0.896,8683865.8
1764374400,0.896,0.917,0.889,0.903,4492978.1
1764403200,0.904,0.946,0.9,0.925,6252690.4
1764432000,0.924,0.929,0.901,0.924,3855285.0
1764460800,0.925,0.928,0.897,0.914,2588336.0
1764489600,0.913,0.92,0.889,0.9,3757469.3
1764518400,0.899,0.906,0.87,0.872,4374182.6
1764547200,0.873,0.932,0.825,0.923,14961422.3
1764576000,0.923,1.013,0.908,0.926,27726398.9
1764604800,0.926,0.926,0.878,0.896,9033846.1
1764633600,0.897,0.902,0.851,0.863,7399018.9
1764662400,0.863,0.93,0.85,0.922,7509910.6
1764691200,0.922,0.945,0.896,0.937,5922693.0
1764720000,0.937,0.978,0.927,0.955,5106441.7
1764748800,0.955,1.035,0.952,0.989,10436887.6
1764777600,0.99,1.01,0.948,0.956,6132484.5
1764806400,0.957,0.974,0.938,0.96,4465480.1
1764835200,0.96,0.961,0.929,0.939,4553527.2
1764864000,0.939,0.944,0.904,0.919,4356724.3
1764892800,0.918,0.97,0.914,0.926,4914995.9
1764921600,0.926,0.929,0.887,0.899,5249530.4
1764950400,0.9,0.9,0.856,0.885,5035254.1
1764979200,0.886,0.886,0.862,0.868,2096046.2
1765008000,0.868,0.885,0.855,0.879,2865210.4
1765036800,0.879,0.896,0.868,0.876,2355347.9
1765065600,0.877,0.883,0.852,0.855,2679995.5
1765094400,0.856,0.861,0.831,0.857,4965901.4
1765123200,0.856,0.876,0.821,0.84,4058446.3
1765152000,0.84,0.856,0.834,0.852,2739554.2
1765180800,0.851,0.864,0.829,0.836,4096196.0
1765209600,0.836,0.846,0.827,0.838,3548435.5
1765238400,0.838,0.846,0.816,0.822,4246185.1
1765267200,0.822,0.835,0.799,0.831,6064400.5
1765296000,0.832,0.868,0.815,0.828,5859432.9
1765324800,0.827,0.845,0.804,0.814,5243576.2
1765353600,0.814,0.817,0.796,0.802,5635332.9
1765382400,0.802,0.851,0.801,0.811,6808966.4
1765411200,0.81,0.813,0.754,0.76,6932500.4
1765440000,0.759,0.762,0.726,0.731,7851611.7
1765468800,0.731,0.757,0.72,0.738,8447129.6
1765497600,0.738,0.742,0.713,0.722,5167699.6
1765526400,0.722,0.749,0.704,0.712,7274695.2
1765555200,0.711,0.724,0.698,0.723,5557974.5
1765584000,0.723,0.73,0.712,0.727,2857049.9
1765612800,0.726,0.729,0.715,0.72,2485564.0
1765641600,0.719,0.725,0.714,0.724,2339835.2
1765670400,0.724,0.752,0.718,0.731,5675078.6
1765699200,0.731,0.756,0.715,0.739,9424968.4
1765728000,0.738,0.769,0.725,0.729,10105134.9
1765756800,0.729,0.761,0.716,0.7297,8715937.7
1765785600,0.7298,0.7331,0.6881,0.6936,10523328.9
1765814400,0.6935,0.6983,0.6619,0.6688,8216377.4
1765843200,0.6689,0.669,0.6415,0.6484,7795284.2
1765872000,0.6485,0.6659,0.6467,0.6646,6370908.3
1765900800,0.6646,0.6654,0.6341,0.6453,6920420.2
1765929600,0.6454,0.6457,0.6144,0.6187,7575571.2
1765958400,0.6187,0.6434,0.6121,0.6211,11970698.4
1765987200,0.6212,0.6263,0.5631,0.5709,13689591.7
1766016000,0.5709,0.5716,0.5436,0.5465,8849614.0
1766044800,0.5465,0.6138,0.5457,0.5769,40347283.7
1766073600,0.5769,0.5777,0.5367,0.5479,15910310.9
1766102400,0.5479,0.5656,0.5414,0.5609,6467036.8
1766131200,0.5608,0.5874,0.5604,0.5794,6410381.2
1766160000,0.5795,0.588,0.5653,0.584,4011241.5
1766188800,0.5841,0.5958,0.5742,0.5902,3792491.1
1766217600,0.59,0.6066,0.5858,0.601,4041688.6
1766246400,0.601,0.6167,0.5958,0.6077,4600820.5
1766275200,0.6078,0.6093,0.5904,0.5939,3338224.5
1766304000,0.594,0.5984,0.5629,0.573,4326201.7
1766332800,0.573,0.5832,0.5661,0.5791,3008619.3
1766361600,0.5791,0.5963,0.578,0.5923,5644658.3
1766390400,0.5922,0.607,0.5775,0.5985,10575830.0
1766419200,0.5985,0.6074,0.5911,0.6026,6448925.9
1766448000,0.6026,0.6086,0.5891,0.6072,5953462.9
1766476800,0.6072,0.6157,0.5764,0.578,8118366.3
1766505600,0.578,0.5913,0.5756,0.5886,3464529.1
1766534400,0.5887,0.5897,0.5659,0.5715,3824673.2
1766563200,0.5716,0.5965,0.571,0.5864,6069536.4
1766592000,0.5863,0.6138,0.5824,0.6096,4227948.7
1766620800,0.6096,0.6352,0.6012,0.6306,5459720.7
1766649600,0.6305,0.644,0.6172,0.6297,7907157.9
1766678400,0.6297,0.6458,0.6037,0.6051,5345444.9
1766707200,0.6051,0.6259,0.5937,0.616,5000887.2
1766736000,0.6159,0.6213,0.6047,0.6114,2768923.9
1766764800,0.6113,0.6461,0.6069,0.6397,5406733.9
1766793600,0.6395,0.667,0.6219,0.6446,10303295.8
1766822400,0.6447,0.6521,0.6362,0.6517,3676395.8
1766851200,0.6518,0.6537,0.6436,0.6518,2078489.1
1766880000,0.6518,0.6578,0.64,0.6426,1937192.1
1766908800,0.6425,0.6468,0.635,0.6351,1503172.4
1766937600,0.6351,0.6383,0.6103,0.6297,4591564.4
1766966400,0.6297,0.6564,0.6292,0.6499,3426763.9
1766995200,0.65,0.6535,0.6215,0.6319,3526644.3
1767024000,0.6318,0.6327,0.6187,0.6196,1452997.1
1767052800,0.6197,0.62,0.6036,0.612,1986561.0
1767081600,0.6119,0.6322,0.6058,0.6277,3006322.2
1767110400,0.6277,0.6421,0.6271,0.6358,2497249.6
1767139200,0.6359,0.6361,0.627,0.6321,1579048.8
1767168000,0.6322,0.6327,0.617,0.6193,1464156.4
1767196800,0.6194,0.6213,0.5938,0.6072,4763890.5
1767225600,0.6072,0.6191,0.6059,0.6169,1534650.6
1767254400,0.617,0.648,0.6158,0.6435,4292825.6
1767283200,0.6434,0.6761,0.6405,0.6618,4985306.4
1767312000,0.6618,0.6636,0.6488,0.6557,2007684.1
1767340800,0.6558,0.6791,0.655,0.6636,6021173.8
1767369600,0.6636,0.679,0.6568,0.6769,3520578.0
1767398400,0.677,0.6824,0.6531,0.6585,3624327.9
1767427200,0.6584,0.6648,0.6531,0.6582,1987019.1
1767456000,0.6581,0.6726,0.6564,0.6694,2166828.9
1767484800,0.6692,0.6815,0.6669,0.6722,2095817.1
1767513600,0.6722,0.6868,0.6678,0.6849,2584857.0
1767542400,0.685,0.686,0.6471,0.6569,8040176.5
1767571200,0.6568,0.6696,0.6303,0.6405,6377143.8
1767600000,0.6403,0.6491,0.6256,0.6481,6517458.0
1767628800,0.6482,0.6589,0.6312,0.6559,4497146.0
1767657600,0.6558,0.658,0.6362,0.6391,4133901.9
1767686400,0.6392,0.6612,0.6347,0.6428,6375971.3
1767715200,0.6429,0.6457,0.6124,0.6412,6541566.5
1767744000,0.6412,0.6416,0.6248,0.6347,3602743.1
1767772800,0.6347,0.637,0.607,0.6099,4360947.8
1767801600,0.6098,0.6209,0.6057,0.6159,3550566.2
1767830400,0.6156,0.6246,0.5989,0.608,4494358.5
1767859200,0.6081,0.6092,0.5808,0.5966,5187616.6
1767888000,0.5966,0.6001,0.5869,0.5941,2653698.7
1767916800,0.5941,0.6027,0.591,0.5962,1803302.7
1767945600,0.5962,0.5975,0.5789,0.5885,3815991.3
1767974400,0.5884,0.5973,0.5797,0.5935,2415280.8
1768003200,0.5935,0.599,0.5873,0.5984,1890716.4
1768032000,0.5983,0.6021,0.5922,0.5968,2301353.0
1768060800,0.5967,0.5986,0.5843,0.5873,1582558.7
1768089600,0.5872,0.5962,0.5821,0.5917,1830756.5
1768118400,0.5916,0.5989,0.5845,0.5873,2181499.9
1768147200,0.5873,0.5946,0.572,0.5824,2881680.5
1768176000,0.5823,0.5846,0.5634,0.565,4820041.1
1768204800,0.5649,0.5662,0.5514,0.5629,4044702.7
1768233600,0.5629,0.5703,0.5484,0.5577,3373897.2
1768262400,0.5577,0.5614,0.548,0.557,3724135.7
1768291200,0.557,0.5747,0.5526,0.5738,4963535.0
1768320000,0.5739,0.5983,0.5642,0.585,6157044.4
1768348800,0.5851,0.7699,0.5851,0.7319,160294677.6
1768377600,0.7315,0.864,0.7151,0.8174,337686310.1
1768406400,0.8175,0.8214,0.7644,0.8023,116801486.9
1768435200,0.8022,0.8343,0.6968,0.7223,93592644.9
1768464000,0.7223,0.7267,0.6815,0.6921,38094060.6
1768492800,0.6921,0.7262,0.659,0.6655,39417443.6
1768521600,0.6655,0.7165,0.6386,0.6892,47208384.0
1768550400,0.6892,0.7081,0.6711,0.6866,33663532.6
1768579200,0.6865,0.6993,0.6737,0.6879,13460484.9
1768608000,0.6878,0.8222,0.6868,0.8047,128850074.9
1768636800,0.8046,0.942,0.7816,0.874,250394049.0
1768665600,0.8743,0.8805,0.7976,0.8182,89260921.9
1768694400,0.8181,1.0366,0.7917,0.9991,315025522.7
1768723200,0.999,1.0022,0.8422,0.8725,161601629.6
1768752000,0.8723,0.8992,0.8343,0.8489,51091254.0
1768780800,0.8486,0.9326,0.7265,0.8749,173752851.6
1768809600,0.8749,0.9557,0.8549,0.8989,109864152.4
1768838400,0.8989,0.9502,0.8885,0.9368,79815904.2
1768867200,0.9367,1.0275,0.9083,0.9924,139076233.5
1768896000,0.9925,1.0419,0.9252,0.9311,129510593.2
1768924800,0.931,0.931,0.8328,0.8834,81752121.9
1768953600,0.8833,0.9753,0.8698,0.8867,91996714.3
1768982400,0.8866,0.9095,0.84,0.8702,65092961.9
1769011200,0.8701,0.8822,0.8286,0.8594,40698551.5
1769040000,0.8593,0.872,0.8064,0.811,47947838.4
1769068800,0.8109,0.8252,0.784,0.7875,33364912.5
1769097600,0.7875,0.8249,0.7847,0.8205,26846707.9
1769126400,0.8204,0.8228,0.7646,0.7724,34049160.5
1769155200,0.7724,0.7852,0.7488,0.783,27748641.2
1769184000,0.7829,0.793,0.7636,0.7718,17324259.8
1769212800,0.7717,0.7771,0.7377,0.7453,25827367.5
1769241600,0.7453,0.7549,0.7275,0.7287,14977340.6
1769270400,0.7287,0.7397,0.7223,0.7239,11806729.3
1769299200,0.7238,0.7238,0.676,0.6809,25831427.9
1769328000,0.681,0.6892,0.6705,0.6774,17131837.1
1769356800,0.6774,0.6784,0.645,0.6465,23687537.0
1769385600,0.6465,0.6628,0.6314,0.642,25411493.4
1769414400,0.6419,0.6712,0.6358,0.6613,23655963.9
1769443200,0.6612,0.6994,0.6525,0.6786,16660747.4
1769472000,0.6786,0.6814,0.6453,0.6533,15709908.6
1769500800,0.6533,0.6584,0.6307,0.6375,10562695.9
1769529600,0.6374,0.6599,0.6272,0.6508,13193800.4
1769558400,0.6508,0.6517,0.615,0.6187,13285348.3
1769587200,0.6187,0.6299,0.6086,0.6119,11295332.2
1769616000,0.6119,0.619,0.6067,0.6107,8153321.0
1769644800,0.6106,0.6142,0.5859,0.5889,11556484.9
1769673600,0.5888,0.5888,0.5565,0.5686,13419706.4
1769702400,0.5685,0.5744,0.5525,0.5669,10237052.7
1769731200,0.5668,0.6358,0.5593,0.6013,54375254.9
1769760000,0.6013,0.6306,0.5881,0.5993,43278591.0
1769788800,0.5994,0.6104,0.5846,0.5964,17135937.7
1769817600,0.5963,0.5963,0.541,0.5481,24235762.5
1769846400,0.5481,0.5495,0.5045,0.5098,29164667.9
1769875200,0.5098,0.5204,0.46,0.5057,47681462.7
1769904000,0.5057,0.5075,0.4825,0.4928,18778548.6
1769932800,0.4927,0.496,0.45,0.4595,22268825.5
1769961600,0.4594,0.4673,0.4446,0.4611,22929194.8
1769990400,0.4611,0.4726,0.4332,0.4576,36696657.7
1770019200,0.4576,0.4796,0.4556,0.4725,22670734.9
1770048000,0.4725,0.4759,0.4632,0.4673,12493721.4
1770076800,0.4672,0.4672,0.4444,0.4474,15337717.9
1770105600,0.4474,0.4507,0.427,0.4433,19889811.7
1770134400,0.4433,0.462,0.4247,0.4418,36644514.0
1770163200,0.4418,0.456,0.4366,0.4441,15094025.0
1770192000,0.4441,0.4445,0.4207,0.4263,17014328.2
1770220800,0.4264,0.4466,0.415,0.434,29302250.7
1770249600,0.434,0.4396,0.419,0.4199,17933167.7
1770278400,0.4199,0.4294,0.3991,0.4042,34403515.7
1770307200,0.4043,0.4131,0.3728,0.3741,49583880.4
1770336000,0.374,0.3993,0.3366,0.394,102871524.8
1770364800,0.394,0.4244,0.386,0.4095,49393491.7
1770393600,0.4095,0.616,0.4073,0.5185,426569546.1
1770422400,0.5184,0.5381,0.4382,0.4414,332978112.3
1770451200,0.4413,0.4633,0.4368,0.4507,103157153.3
1770480000,0.4507,0.4579,0.4363,0.4476,60546503.0
1770508800,0.4477,0.4612,0.4282,0.4328,55209638.2
1770537600,0.4328,0.4502,0.4301,0.4399,29927381.6
1770566400,0.4399,0.5298,0.4283,0.4595,217613611.1
1770595200,0.4595,0.497,0.4579,0.4699,80977264.4
1770624000,0.4698,0.479,0.4293,0.4763,139075117.2
1770652800,0.4763,0.5049,0.4494,0.4589,184018995.3
1770681600,0.4588,0.4645,0.4458,0.4528,45747440.8
1770710400,0.4529,0.534,0.4491,0.5191,193823587.1
1770739200,0.5191,0.5359,0.4822,0.4931,88568093.6
1770768000,0.493,0.5253,0.4861,0.5167,77707027.3
1770796800,0.5166,0.633,0.5027,0.6304,173596493.2
1770825600,0.6303,1.3699,0.5917,0.9336,990334150.8
1770854400,0.9336,1.0002,0.801,0.8173,527965711.8
1770883200,0.8173,0.8472,0.726,0.7353,446631902.9
1770912000,0.7352,0.7516,0.6973,0.7226,162008218.9
1770940800,0.7227,0.7477,0.6432,0.6526,160339618.5
1770969600,0.6525,0.6818,0.6401,0.6613,102467320.7
1770998400,0.6612,0.7519,0.6597,0.7345,91907849.7
1771027200,0.7345,0.7476,0.6707,0.6774,103874024.2
1771056000,0.6774,0.7034,0.6734,0.6812,55406718.1
1771084800,0.6811,0.7258,0.6767,0.707,47723261.5
1771113600,0.7068,0.7276,0.6669,0.6764,63079685.7
1771142400,0.6764,0.6764,0.6468,0.6517,37958793.0
1771171200,0.6517,0.6645,0.6324,0.6576,34443888.9
1771200000,0.6576,0.6577,0.6332,0.6402,25765900.1
1771228800,0.6403,0.6485,0.6272,0.634,25305095.2
1771257600,0.634,0.6545,0.6303,0.6493,20660688.2
1771286400,0.6492,0.6826,0.637,0.6637,38081590.6
1771315200,0.6636,0.7247,0.6529,0.6595,97381091.4
1771344000,0.6594,0.666,0.6396,0.647,24153561.7
1771372800,0.647,0.6724,0.6293,0.6365,49350924.8
1771401600,0.6365,0.6532,0.614,0.6271,36866740.0
1771430400,0.6269,0.6307,0.5972,0.603,24130741.9
1771459200,0.603,0.603,0.5828,0.5886,23761721.1
1771488000,0.5885,0.5886,0.5631,0.5645,23072395.1
1771516800,0.5645,0.586,0.5591,0.5836,19924080.8
1771545600,0.5835,0.6158,0.5762,0.5882,36379456.6
1771574400,0.5881,0.6082,0.5778,0.6023,28779946.2
1771603200,0.6022,0.615,0.5902,0.5947,19896870.6
1771632000,0.5946,0.6013,0.5808,0.5849,12574127.5
1771660800,0.5848,0.592,0.5782,0.5845,9430596.2
1771689600,0.5845,0.5848,0.5737,0.5772,9292859.3
1771718400,0.5771,0.5946,0.5646,0.593,17263005.4
1771747200,0.593,0.6401,0.5834,0.5863,69681707.2
1771776000,0.5862,0.5867,0.5682,0.5815,16121710.0
1771804800,0.5814,0.5859,0.5497,0.5636,35193946.9
1771833600,0.5637,0.5713,0.5555,0.5571,15540966.2
1771862400,0.557,0.56,0.5437,0.5482,15196494.1
1771891200,0.5483,0.5734,0.5407,0.5713,22960890.0
1771920000,0.5713,0.6375,0.5644,0.6035,57468724.5
1771948800,0.6035,0.6085,0.5848,0.5938,27526708.5
1771977600,0.5937,0.6187,0.5786,0.6182,26009041.5
1772006400,0.6183,0.631,0.6023,0.6188,28016713.6
1772035200,0.6187,0.6394,0.6157,0.6294,21920714.3
1772064000,0.6294,0.6599,0.6081,0.6209,28908855.2
1772092800,0.6209,0.6256,0.6054,0.6143,15709677.7
1772121600,0.6143,0.6214,0.5975,0.6179,12140399.5
1772150400,0.6179,0.6368,0.6059,0.6263,13498363.1
1772179200,0.6262,0.6469,0.6006,0.6088,28233902.4
1772208000,0.6087,0.6156,0.5864,0.5915,11229829.9
1772236800,0.5915,0.6155,0.5762,0.5837,24418317.8
1772265600,0.5836,0.6207,0.5653,0.6052,25968078.4
1772294400,0.6053,0.6241,0.5926,0.6203,10852958.9
1772323200,0.6202,0.6288,0.6062,0.6111,10930308.2
1772352000,0.6112,0.6124,0.5932,0.607,11129870.2
1772380800,0.607,0.6097,0.5809,0.5972,10880806.8
1772409600,0.5972,0.6078,0.5891,0.5924,7124266.7
1772438400,0.5925,0.6192,0.5861,0.6131,10286643.3
1772467200,0.6132,0.6212,0.6006,0.6033,10942710.1
1772496000,0.6033,0.6039,0.5786,0.5847,10268140.8
1772524800,0.5847,0.5849,0.5585,0.5717,13293564.5
1772553600,0.5718,0.5838,0.5613,0.5641,8754118.6
1772582400,0.5642,0.5648,0.5373,0.5439,14071962.3
1772611200,0.5438,0.5609,0.5368,0.5596,18250563.3
1772640000,0.5597,0.56,0.5393,0.5437,12875012.7
1772668800,0.5437,0.5494,0.5271,0.5316,12653157.0
1772697600,0.5316,0.5513,0.5294,0.5352,13052570.1
1772726400,0.5352,0.5434,0.5223,0.5389,9055077.2
1772755200,0.5388,0.5477,0.5326,0.5426,7693725.9
1772784000,0.5426,0.5578,0.5284,0.5369,17483891.5
1772812800,0.5368,0.5399,0.5237,0.5293,8454771.7
1772841600,0.5293,0.5322,0.516,0.5239,8035686.5
1772870400,0.5239,0.5532,0.5236,0.5448,14596390.7
1772899200,0.5449,0.5458,0.5338,0.5406,7735214.2
1772928000,0.5406,0.5406,0.5232,0.5283,7865115.9
1772956800,0.5283,0.5442,0.5275,0.5352,9654906.3
1772985600,0.5352,0.5442,0.5302,0.5331,8425231.4
1773014400,0.5332,0.5413,0.5232,0.5282,13151119.0
1773043200,0.5283,0.5354,0.5237,0.5268,8711270.7
1773072000,0.5268,0.529,0.5058,0.5243,15737980.9
1773100800,0.5243,0.5553,0.5229,0.5482,15111931.8
1773129600,0.5482,0.5572,0.5391,0.5508,9113203.1
1773158400,0.5508,0.5598,0.5403,0.551,9422504.4
1773187200,0.551,0.5525,0.538,0.5469,7503598.6
1773216000,0.5469,0.5906,0.5423,0.5722,18634141.9
1773244800,0.5722,0.601,0.5694,0.5956,14756158.6
1773273600,0.5956,0.614,0.5713,0.5831,25283818.3
1773302400,0.583,0.5879,0.5678,0.5735,11129773.9
1773331200,0.5735,0.6,0.5714,0.5985,10385768.8
1773360000,0.5984,0.6083,0.5924,0.6038,10196017.4
1773388800,0.6038,0.6286,0.5983,0.6006,15526533.8
1773417600,0.6006,0.672,0.5966,0.664,30465218.4
1773446400,0.6641,0.6654,0.6194,0.6274,27542971.7
1773475200,0.6273,0.6737,0.626,0.6404,29058126.2
1773504000,0.6403,0.648,0.6175,0.635,14526850.9
1773532800,0.635,0.6962,0.6261,0.6908,24200845.7
1773561600,0.6909,0.7043,0.6406,0.6592,33843845.4
1773590400,0.6591,0.6815,0.6517,0.6686,16326536.0
1773619200,0.6687,0.687,0.6571,0.6776,14448583.1
1773648000,0.6777,0.6811,0.6489,0.658,13752662.3
1773676800,0.6579,0.6743,0.6533,0.6723,9777444.9
1773705600,0.6724,0.6764,0.6494,0.6561,13357437.0
1773734400,0.6561,0.6668,0.6466,0.6518,10853745.6
1773763200,0.6518,0.6548,0.6451,0.6454,8881638.3
1773792000,0.6454,0.6568,0.6424,0.6467,11326387.6
1773820800,0.6466,0.6472,0.5867,0.5897,14763604.3
1773849600,0.5897,0.5952,0.5582,0.5597,14314320.3
1773878400,0.5597,0.5622,0.5423,0.5467,14387842.6
1773907200,0.5468,0.5542,0.5323,0.5386,11142649.1
1773936000,0.5386,0.5508,0.5286,0.5494,8772625.3
1773964800,0.5494,0.5685,0.5456,0.55,9235232.3
1773993600,0.5501,0.5576,0.5436,0.5467,6810856.0
1774022400,0.5468,0.5522,0.5407,0.5475,5566458.8
1774051200,0.5475,0.5825,0.5464,0.5583,23495019.7
1774080000,0.5584,0.5619,0.5536,0.5572,5235557.2
1774108800,0.5572,0.5586,0.5266,0.5325,8613003.6
1774137600,0.5324,0.5359,0.5183,0.5197,10197008.4
1774166400,0.5197,0.5326,0.516,0.531,7172836.2
1774195200,0.531,0.5369,0.51,0.5163,7623166.6
1774224000,0.5162,0.5205,0.5041,0.5089,6899249.9
1774252800,0.509,0.5273,0.4979,0.5025,17691272.9
1774281600,0.5026,0.515,0.4943,0.5039,10268992.8
1774310400,0.5039,0.5052,0.4863,0.4988,8862379.1
1774339200,0.4987,0.5046,0.4934,0.4974,7655513.3
1774368000,0.4973,0.5123,0.4928,0.507,8296358.8
1774396800,0.5069,0.5073,0.4972,0.4999,5147477.8
1774425600,0.4999,0.5112,0.4986,0.5062,5898336.2
1774454400,0.5063,0.5108,0.5001,0.5106,4737879.1
1774483200,0.5106,0.5109,0.4933,0.4986,4967845.1
1774512000,0.4987,0.4996,0.4757,0.477,8908244.4
1774540800,0.477,0.4804,0.4661,0.4727,8942710.1
1774569600,0.4726,0.4803,0.4623,0.4666,6902999.9
1774598400,0.4667,0.4696,0.4457,0.4539,10761779.2
1774627200,0.4539,0.4569,0.4419,0.4461,4526243.5
1774656000,0.4462,0.4574,0.4355,0.4548,7859722.5
1774684800,0.4548,0.4633,0.4511,0.4557,8898487.6
1774713600,0.4558,0.4568,0.4403,0.4414,8596153.9
1774742400,0.4414,0.4458,0.437,0.4427,4255711.5
1774771200,0.4427,0.4527,0.4412,0.4471,5900918.9
1774800000,0.447,0.4563,0.4385,0.4473,7163901.8
1774828800,0.4474,0.4555,0.4451,0.4498,5058975.5
1774857600,0.4498,0.4565,0.4457,0.4472,4976161.6
1774886400,0.4474,0.4494,0.4424,0.4442,4130020.3
1774915200,0.4443,0.4492,0.4344,0.4376,6067114.5
1774944000,0.4376,0.4402,0.4264,0.4268,10286509.5
1774972800,0.4268,0.4433,0.4266,0.441,6861693.3
1775001600,0.4411,0.4513,0.4333,0.4495,8362471.5
1775030400,0.4495,0.45,0.4391,0.4443,5700555.9
1775059200,0.4444,0.4475,0.4304,0.4324,5622531.2
1775088000,0.4324,0.436,0.4063,0.4108,12622318.5
1775116800,0.4108,0.4122,0.3969,0.3986,10745099.3
1775145600,0.3987,0.4103,0.3942,0.4097,8380762.7
1775174400,0.4098,0.4151,0.4055,0.4121,6883686.1
1775203200,0.4122,0.4171,0.4035,0.4043,5040246.2
1775232000,0.4042,0.4055,0.3988,0.4013,3579044.0
1775260800,0.4014,0.4111,0.4001,0.4106,6306260.7
1775289600,0.4107,0.5127,0.4059,0.4212,185268421.9
1775318400,0.4211,0.4229,0.3946,0.4018,46588560.2
1775347200,0.4018,0.405,0.3911,0.3952,42923133.3
1775376000,0.3952,0.418,0.3925,0.3997,41385018.5
1775404800,0.3996,0.4016,0.3858,0.3979,15679762.3
1775433600,0.3979,0.4218,0.3958,0.4057,24671929.8
1775462400,0.4057,0.4136,0.4002,0.4027,15543252.1
1775491200,0.4028,0.4035,0.3862,0.3886,12458336.7
1775520000,0.3886,0.409,0.3874,0.4053,12737987.6
1775548800,0.4053,0.4146,0.3929,0.4005,13423998.8
1775577600,0.4005,0.4223,0.3996,0.4205,13895582.5
1775606400,0.4205,0.4263,0.4139,0.4231,9982887.5
1775635200,0.4231,0.4245,0.4083,0.4162,11200819.2
1775664000,0.4161,0.4178,0.4087,0.4108,5649382.8
1775692800,0.4108,0.4197,0.4076,0.415,7041542.3
1775721600,0.4151,0.4268,0.4117,0.4217,8832399.1
1775750400,0.4217,0.4277,0.4197,0.4258,6662163.3
1775779200,0.4258,0.4263,0.4074,0.4139,14629100.2
1775808000,0.414,0.4187,0.4081,0.4154,7512434.1
1775836800,0.4155,0.4231,0.4116,0.4179,6354132.7
1775865600,0.4179,0.4201,0.4109,0.4188,4958703.5
1775894400,0.4189,0.4224,0.4137,0.4185,5199524.5
1775923200,0.4185,0.424,0.4154,0.4172,4277290.4
1775952000,0.4173,0.4192,0.4024,0.4066,6701328.3
1775980800,0.4066,0.4088,0.4001,0.4024,4613300.6
1776009600,0.4024,0.4055,0.3985,0.4008,4232520.3
1776038400,0.4009,0.405,0.3995,0.4001,4414511.0
1776067200,0.4002,0.4066,0.399,0.4037,5041814.6
1776096000,0.4036,0.4174,0.4025,0.4149,5674221.9
1776124800,0.415,0.4166,0.4083,0.4094,4860481.4
1776153600,0.4094,0.413,0.4066,0.4088,4813535.9
1776182400,0.4087,0.4101,0.3961,0.4009,5852377.2
1776211200,0.4008,0.4031,0.3911,0.3933,6414197.9
1776240000,0.3933,0.4004,0.3913,0.3984,6504428.5
1776268800,0.3986,0.4072,0.3981,0.4022,6373120.5
1776297600,0.4022,0.4184,0.3991,0.4139,7085963.7
1776326400,0.414,0.4208,0.4069,0.4154,11291408.0
1776355200,0.4153,0.4246,0.4135,0.4216,6699211.7
1776384000,0.4215,0.4666,0.4186,0.4488,44884311.2
1776412800,0.4488,0.4488,0.4327,0.4411,16781993.5
1776441600,0.4411,0.4472,0.437,0.4442,6713168.3
1776470400,0.4442,0.4474,0.4232,0.428,12197054.6
1776499200,0.4279,0.4285,0.4141,0.4173,7514287.6
1776528000,0.4172,0.4178,0.4014,0.4034,8079202.8
1776556800,0.4033,0.4036,0.3965,0.4007,7219361.4
1776585600,0.4006,0.408,0.3992,0.4044,5997470.8
1776614400,0.4045,0.4046,0.3886,0.3906,10103076.7
1776643200,0.3907,0.3972,0.3895,0.3944,4535806.0
1776672000,0.3943,0.4001,0.392,0.3974,5441407.4
1776700800,0.3974,0.4057,0.3962,0.4019,4911718.2
1776729600,0.402,0.4061,0.3976,0.3985,4553090.3
1776758400,0.3984,0.4024,0.3957,0.399,5137018.1
1776787200,0.3991,0.4021,0.3935,0.4013,4687932.6
1776816000,0.4013,0.4125,0.3983,0.4106,4791144.2
1776844800,0.4106,0.4137,0.4078,0.4111,5460774.1
1776873600,0.4112,0.4197,0.401,0.4021,7671545.7
1776902400,0.402,0.4023,0.3929,0.3968,6625094.6
1776931200,0.3967,0.4032,0.3931,0.4023,6149131.7
1776960000,0.4023,0.4032,0.3926,0.399,5534048.0
1776988800,0.3991,0.401,0.3938,0.3982,5366995.3
1777017600,0.3982,0.4001,0.3953,0.3994,4954342.2
1777046400,0.3993,0.3996,0.3929,0.3948,4215550.7
1777075200,0.3948,0.3984,0.3923,0.3956,4855572.5
1777104000,0.3955,0.4046,0.3906,0.3916,9634010.9
1777132800,0.3915,0.3928,0.3828,0.3926,8003710.3
1777161600,0.3927,0.3942,0.3851,0.3932,5790668.5
1777190400,0.3933,0.3939,0.387,0.3897,5594509.7
1777219200,0.3898,0.3905,0.3853,0.3872,4761092.5
1777248000,0.3873,0.3998,0.3744,0.3752,14489321.6
1777276800,0.3752,0.3752,0.3618,0.3655,16428548.5
1777305600,0.3654,0.3722,0.3645,0.3705,5939875.6
1777334400,0.3706,0.3756,0.3646,0.3671,9003051.1
1777363200,0.3671,0.3706,0.366,0.3698,8033582.9
1777392000,0.3698,0.3829,0.3678,0.3772,11780958.1
1777420800,0.3772,0.3787,0.3723,0.3748,6044642.4
1777449600,0.3748,0.3772,0.3629,0.3638,7658468.2
1777478400,0.3638,0.3677,0.3535,0.3616,8731989.8
1777507200,0.3616,0.3645,0.3579,0.3623,5925153.4
1777536000,0.3623,0.3651,0.359,0.3608,4571746.9
1777564800,0.3607,0.3614,0.3573,0.3586,3277582.8
1777593600,0.3586,0.3637,0.3577,0.3623,4367689.9
1777622400,0.3623,0.3848,0.3619,0.3731,25982465.0
1777651200,0.3731,0.3771,0.3703,0.372,5958432.9
1777680000,0.372,0.3722,0.3628,0.3652,7086309.1
1777708800,0.3652,0.3692,0.3639,0.3684,4260703.1
1777737600,0.3685,0.3737,0.3668,0.372,4506747.7
1777766400,0.3719,0.3724,0.3651,0.3672,3978810.8
1777795200,0.3671,0.3712,0.3663,0.3671,4687488.8
1777824000,0.3672,0.37,0.3644,0.3648,3344028.7
1777852800,0.3648,0.3746,0.3594,0.3704,8334928.9
1777881600,0.3703,0.3742,0.3604,0.3644,12504939.8
1777910400,0.3644,0.3728,0.3619,0.3673,6862779.5
1777939200,0.3674,0.3769,0.3658,0.3763,5115258.2
1777968000,0.3764,0.3784,0.373,0.3761,5369685.5
1777996800,0.3761,0.3814,0.374,0.3769,5679608.2
1778025600,0.3769,0.3853,0.3749,0.3827,6452849.6
1778054400,0.3826,0.3904,0.377,0.383,8894264.1
1778083200,0.383,0.3884,0.3803,0.3868,5221114.0
1778112000,0.3868,0.3869,0.3744,0.3859,6228273.0
1778140800,0.3859,0.3917,0.3789,0.382,9539645.1
1778169600,0.3819,0.3896,0.3806,0.3856,9393259.1
1778198400,0.3857,0.3881,0.3804,0.3856,6004292.8
1778227200,0.3856,0.3908,0.3821,0.3907,6917694.3
1778256000,0.3907,0.4053,0.3895,0.4025,9373764.5
1778284800,0.4024,0.4159,0.4014,0.4048,11421546.4
1778313600,0.4047,0.408,0.3907,0.3921,12361920.1
1778342400,0.3922,0.3975,0.3912,0.3937,4381911.8
1778371200,0.3936,0.4014,0.386,0.3995,10386111.4
1778400000,0.3995,0.4114,0.3984,0.4076,10137658.2
1778428800,0.4076,0.4163,0.3977,0.4077,11255213.0
1778457600,0.4077,0.4088,0.3943,0.404,9769299.9
1778486400,0.404,0.4195,0.4027,0.407,16831262.3
1778515200,0.4069,0.4116,0.4024,0.4104,6793829.0
1778544000,0.4103,0.4105,0.3982,0.4041,8760095.6
1778572800,0.4041,0.4048,0.3839,0.3851,11143525.2
1778601600,0.3852,0.4077,0.3816,0.399,10917867.7
1778630400,0.399,0.4197,0.3956,0.4134,14049329.1
1778659200,0.4135,0.4267,0.3957,0.3966,31976290.6
1778688000,0.3965,0.4255,0.3931,0.4144,23165211.7
1778716800,0.4143,0.4184,0.3889,0.3957,17775947.4
1778745600,0.3958,0.4131,0.3928,0.4107,12009575.5
1778774400,0.4106,0.4208,0.407,0.4085,9716425.7
1778803200,0.4086,0.4107,0.3921,0.3979,9138618.2
1778832000,0.3979,0.3983,0.3662,0.3689,18441795.9
1778860800,0.3689,0.3759,0.3672,0.3703,7503657.7
1778889600,0.3702,0.3825,0.3556,0.3626,15832165.4
1778918400,0.3626,0.3738,0.3557,0.3712,10494009.3
1778947200,0.3712,0.3742,0.3684,0.369,3902445.3
1778976000,0.369,0.3728,0.3634,0.3703,5012192.0
1779004800,0.3704,0.3745,0.3652,0.3704,5180390.2
1779033600,0.3705,0.3748,0.3445,0.3591,9264099.1
1779062400,0.3591,0.3609,0.3516,0.3544,7662385.2
1779091200,0.3544,0.371,0.3505,0.3597,18812858.9
1779120000,0.3598,0.3955,0.3591,0.3871,18880812.4
1779148800,0.3872,0.3931,0.3754,0.3914,13047381.6
1779177600,0.3915,0.3948,0.3769,0.3806,13872584.6
1779206400,0.3806,0.3862,0.3741,0.3788,6249225.8
1779235200,0.3789,0.3885,0.3757,0.3798,5514408.9
1779264000,0.3798,0.3823,0.3736,0.3821,6206806.7
1779292800,0.382,0.4026,0.3819,0.3853,22777554.6
1779321600,0.3853,0.4108,0.3845,0.4087,12161398.8
1779350400,0.4087,0.4122,0.3832,0.3906,19389472.6
1779379200,0.3907,0.4074,0.3897,0.3972,11145763.0
1779408000,0.3972,0.4054,0.3932,0.3975,6474212.2
1779436800,0.3976,0.4056,0.3909,0.3955,7835774.9
1779465600,0.3954,0.4004,0.3707,0.3732,14387460.9
1779494400,0.3733,0.3808,0.3555,0.3627,9498207.8
1779523200,0.3625,0.3735,0.3583,0.3727,7693500.2
1779552000,0.3727,0.3934,0.3706,0.3893,7802558.0
1779580800,0.3891,0.3951,0.3791,0.3816,6403585.6
1779609600,0.3817,0.3835,0.3686,0.3738,5281577.8
1779638400,0.3736,0.3751,0.3629,0.3707,4234362.5
1779667200,0.3708,0.3891,0.3705,0.3843,7107962.4
1779696000,0.3843,0.3923,0.3822,0.3856,8221558.1
1779724800,0.3856,0.3882,0.3775,0.38,3482190.9
1779753600,0.3801,0.3821,0.3711,0.3755,5518484.8
1779782400,0.3755,0.3891,0.3753,0.3801,8363513.7
1779811200,0.3801,0.3809,0.3689,0.3701,6157857.8
1779840000,0.3701,0.375,0.362,0.3701,6575503.7
1779868800,0.37,0.3775,0.364,0.3756,6005279.2
1779897600,0.3757,0.3772,0.3511,0.3549,9609656.7
1779926400,0.3549,0.3564,0.3366,0.3422,17305283.5
1779955200,0.3422,0.3423,0.3308,0.3368,11441652.1
1779984000,0.3369,0.3464,0.3349,0.3387,6334706.7
1780012800,0.3387,0.3413,0.3316,0.338,5154897.5
1780041600,0.3379,0.346,0.3274,0.3437,9779981.1
1780070400,0.3438,0.3475,0.3371,0.3412,5398594.7
1780099200,0.3413,0.3525,0.34,0.3477,6520245.4
1780128000,0.3477,0.3506,0.3445,0.3496,3894859.9
1780156800,0.3497,0.3536,0.345,0.3469,4624321.9
1780185600,0.347,0.3508,0.3438,0.3452,3485172.2
1780214400,0.3451,0.3481,0.3379,0.3385,4490936.8
1780243200,0.3384,0.3478,0.3346,0.3451,4619010.2
1780272000,0.3452,0.3636,0.3436,0.3501,11857887.7
1780300800,0.3501,0.3565,0.3441,0.352,11152008.7
1780329600,0.3519,0.3769,0.3499,0.3633,13946037.2
1780358400,0.3633,0.3645,0.3382,0.3418,12407537.8
1780387200,0.3418,0.3462,0.3197,0.3237,19763091.5
1780416000,0.3237,0.3251,0.2958,0.3037,40424860.4
1780444800,0.3038,0.3118,0.2948,0.3112,21792509.6
1780473600,0.311,0.3186,0.3041,0.3043,17669744.2
1780502400,0.3044,0.3087,0.2932,0.3034,17614911.8
1780531200,0.3033,0.3066,0.2692,0.2807,25081296.9
1780560000,0.2806,0.2871,0.2717,0.2855,15574816.0
1780588800,0.2854,0.289,0.2751,0.2812,8034651.5
1780617600,0.2812,0.2848,0.2551,0.2683,18377417.6
1780646400,0.2682,0.2689,0.2468,0.249,21374092.1
1780675200,0.2489,0.2571,0.2367,0.2449,22900542.1
1780704000,0.2449,0.2479,0.2282,0.2417,14807436.8
1780732800,0.2417,0.2459,0.2326,0.2346,9999150.6
1780761600,0.2346,0.2408,0.232,0.2407,8129225.8
1780790400,0.2407,0.2486,0.24,0.245,6479343.1
1780819200,0.245,0.2491,0.2375,0.2427,6886615.2
1780848000,0.2427,0.2514,0.2341,0.2435,8921244.5
1780876800,0.2434,0.2463,0.2352,0.2412,7803263.1
1780905600,0.2411,0.2807,0.2389,0.2722,45457602.8
1780934400,0.2722,0.2786,0.2566,0.258,24502794.1
1780963200,0.2581,0.2583,0.248,0.2555,16521158.9
1780992000,0.2556,0.2568,0.2465,0.2471,12522162.8
1781020800,0.2471,0.2513,0.2421,0.2426,10662868.2
1781049600,0.2426,0.2453,0.2357,0.2443,13624732.7
1781078400,0.2445,0.2509,0.2366,0.2471,19958505.0
1781107200,0.2472,0.2479,0.2267,0.2334,18880908.8
1781136000,0.2333,0.2446,0.233,0.2436,8353765.3
1781164800,0.2437,0.2535,0.2436,0.2496,17543464.6
1781193600,0.2497,0.2521,0.2438,0.2493,6342394.3
