timestamp,open,high,low,close,volume
1765355400,0.14683,0.1469,0.14637,0.14651,4989596.0
1765356300,0.14651,0.14674,0.14638,0.14642,3197518.0
1765357200,0.14641,0.14644,0.14584,0.146,5541282.0
1765358100,0.146,0.14606,0.14571,0.146,2943157.0
1765359000,0.146,0.14666,0.146,0.14655,3722960.0
1765359900,0.14654,0.14754,0.14653,0.14737,7629843.0
1765360800,0.14737,0.14814,0.14694,0.14705,11030588.0
1765361700,0.14704,0.14704,0.14622,0.1464,3343475.0
1765362600,0.14639,0.14651,0.14569,0.146,10661944.0
1765363500,0.146,0.14621,0.14561,0.14563,4640936.0
1765364400,0.14563,0.14622,0.14546,0.14587,4698327.0
1765365300,0.14586,0.14611,0.14581,0.14591,1503878.0
1765366200,0.14591,0.14606,0.14519,0.14551,7635169.0
1765367100,0.1455,0.14593,0.14534,0.14587,10842304.0
1765368000,0.14587,0.14591,0.14533,0.1454,4503553.0
1765368900,0.1454,0.14569,0.14527,0.14534,1825185.0
1765369800,0.14533,0.14552,0.145,0.1454,4976513.0
1765370700,0.14541,0.14585,0.14515,0.14575,2169297.0
1765371600,0.14574,0.14597,0.14556,0.14578,1799341.0
1765372500,0.14577,0.14674,0.14572,0.14641,12176313.0
1765373400,0.14641,0.14659,0.14575,0.146,8912022.0
1765374300,0.146,0.14623,0.14588,0.146,1792676.0
1765375200,0.14599,0.14599,0.14554,0.14558,3376222.0
1765376100,0.14558,0.14568,0.14539,0.14549,3825266.0
1765377000,0.1455,0.14592,0.14504,0.14514,7216268.0
1765377900,0.14513,0.14553,0.14484,0.1455,4305635.0
1765378800,0.14549,0.14606,0.1453,0.14584,5272684.0
1765379700,0.14583,0.14583,0.14514,0.14534,2666573.0
1765380600,0.14534,0.14547,0.14456,0.14525,7525400.0
1765381500,0.14524,0.14532,0.1448,0.14516,2942454.0
1765382400,0.14517,0.14561,0.14492,0.14539,5516866.0
1765383300,0.14538,0.14616,0.1453,0.14593,9587202.0
1765384200,0.14592,0.14594,0.14535,0.14568,4248768.0
1765385100,0.14569,0.14621,0.14549,0.14586,2825032.0
1765386000,0.14586,0.14586,0.14535,0.14567,2103989.0
1765386900,0.14567,0.14681,0.14551,0.14624,6821003.0
1765387800,0.14623,0.14634,0.14576,0.14629,2999991.0
1765388700,0.14629,0.14639,0.14582,0.14613,2123268.0
1765389600,0.14612,0.14646,0.14574,0.14625,3425739.0
1765390500,0.14624,0.14653,0.14573,0.14627,3243392.0
1765391400,0.14627,0.14856,0.14621,0.14739,15717809.0
1765392300,0.14738,0.14789,0.14622,0.14693,11221792.0
1765393200,0.14694,0.14933,0.14541,0.14802,65546873.0
1765394100,0.14802,0.14847,0.14646,0.14677,17947241.0
1765395000,0.14678,0.1486,0.14652,0.14691,35629811.0
1765395900,0.1469,0.14774,0.14669,0.14752,21338219.0
1765396800,0.14753,0.15006,0.1469,0.15002,35923177.0
1765397700,0.15002,0.15031,0.14733,0.14818,44961037.0
1765398600,0.14818,0.14878,0.14793,0.14849,13966941.0
1765399500,0.14848,0.14848,0.14554,0.1462,19803747.0
1765400400,0.14619,0.1468,0.14509,0.14598,17369207.0
1765401300,0.14599,0.1465,0.14565,0.14568,8268741.0
1765402200,0.14569,0.14586,0.14508,0.14547,9413041.0
1765403100,0.14546,0.14574,0.14435,0.14454,8018979.0
1765404000,0.14455,0.14526,0.14322,0.14339,27251719.0
1765404900,0.14339,0.14432,0.14235,0.14395,38006539.0
1765405800,0.14395,0.14466,0.14346,0.14451,9908887.0
1765406700,0.1445,0.14476,0.14396,0.14437,4772292.0
1765407600,0.14436,0.14484,0.144,0.14452,16739674.0
1765408500,0.14453,0.14465,0.14396,0.14409,3347075.0
1765409400,0.14409,0.14415,0.14358,0.14376,6869965.0
1765410300,0.14375,0.14377,0.14322,0.14332,4118755.0
1765411200,0.14332,0.1436,0.14311,0.14346,4704026.0
1765412100,0.14346,0.14349,0.1429,0.14295,4264050.0
1765413000,0.14294,0.14295,0.14137,0.14183,11469698.0
1765413900,0.14182,0.14193,0.14052,0.1412,16155338.0
1765414800,0.1412,0.14125,0.13985,0.14013,13615316.0
1765415700,0.14013,0.14059,0.13944,0.14053,17247424.0
1765416600,0.14054,0.14108,0.14021,0.14027,5830340.0
1765417500,0.14027,0.14032,0.1396,0.13972,8777512.0
1765418400,0.13972,0.13977,0.13855,0.13878,26988973.0
1765419300,0.13877,0.13957,0.13817,0.13882,21925685.0
1765420200,0.13882,0.13935,0.13852,0.13905,11458952.0
1765421100,0.13906,0.13907,0.13839,0.13855,9682804.0
1765422000,0.13854,0.13856,0.13741,0.138,16437274.0
1765422900,0.138,0.13836,0.13757,0.13761,13866814.0
1765423800,0.13762,0.13789,0.13719,0.13777,9295544.0
1765424700,0.13777,0.13823,0.13756,0.13808,25595034.0
1765425600,0.13809,0.13849,0.13739,0.13818,29115364.0
1765426500,0.13818,0.13835,0.13792,0.13807,13484378.0
1765427400,0.13807,0.13851,0.13797,0.13832,7324234.0
1765428300,0.13832,0.13908,0.1381,0.13887,12872054.0
1765429200,0.13887,0.13887,0.13829,0.13836,6841652.0
1765430100,0.13835,0.13884,0.13827,0.13869,5183566.0
1765431000,0.13868,0.13889,0.13861,0.13875,6174214.0
1765431900,0.13875,0.13905,0.13875,0.13889,5209898.0
1765432800,0.13888,0.13888,0.1385,0.13855,4535065.0
1765433700,0.13856,0.13856,0.1379,0.13806,6762706.0
1765434600,0.13807,0.13895,0.13806,0.13863,8771621.0
1765435500,0.13862,0.13872,0.13827,0.13857,5147783.0
1765436400,0.13857,0.13858,0.13825,0.13835,4729326.0
1765437300,0.13835,0.1385,0.13804,0.13822,7712650.0
1765438200,0.13823,0.13855,0.13805,0.13805,6721010.0
1765439100,0.13806,0.13823,0.13797,0.13811,3582886.0
1765440000,0.1381,0.1381,0.1374,0.13748,8788417.0
1765440900,0.13747,0.13771,0.13732,0.13752,4625305.0
1765441800,0.13752,0.13767,0.13715,0.13756,7140177.0
1765442700,0.13755,0.13805,0.13754,0.13803,3875568.0
1765443600,0.13802,0.13817,0.1376,0.1376,3550445.0
1765444500,0.1376,0.13816,0.1376,0.13803,4818203.0
1765445400,0.13803,0.13826,0.13786,0.13786,7172514.0
1765446300,0.13785,0.13808,0.1376,0.13777,4453849.0
1765447200,0.13777,0.13799,0.13775,0.13797,2934257.0
1765448100,0.13797,0.13797,0.13763,0.13768,3527156.0
1765449000,0.13769,0.1377,0.1375,0.13762,2931869.0
1765449900,0.13762,0.13814,0.13761,0.13807,3392217.0
1765450800,0.13808,0.13819,0.13787,0.13795,3521042.0
1765451700,0.13794,0.13819,0.13781,0.13815,5232502.0
1765452600,0.13815,0.13845,0.1381,0.13821,3388607.0
1765453500,0.13821,0.13827,0.138,0.13801,5220593.0
1765454400,0.138,0.13803,0.13752,0.13758,6849752.0
1765455300,0.13758,0.13802,0.13758,0.13783,3895731.0
1765456200,0.13783,0.13808,0.13766,0.13796,5318909.0
1765457100,0.13796,0.13808,0.13776,0.13788,8885616.0
1765458000,0.13788,0.13821,0.13779,0.1378,2107634.0
1765458900,0.1378,0.13817,0.13763,0.13802,4032110.0
1765459800,0.13802,0.13815,0.13762,0.13792,4410898.0
1765460700,0.13792,0.13812,0.1377,0.13807,8435537.0
1765461600,0.13806,0.13808,0.1377,0.13772,2862593.0
